0.875;0;superb;http://farm4.staticflickr.com/3123/3155452156_574339a2e8.jpg;Superb Fairy-Wren
0.875;0;superb;http://farm8.staticflickr.com/7033/6399458071_1afcee6dba.jpg;Superb Specimen
0.875;0;superb;http://farm5.staticflickr.com/4108/5177081676_cdb6952a14.jpg;Superb Starling
0.875;0;superb;http://farm3.staticflickr.com/2775/4152878155_b9b18e3c86.jpg;Superb Parrot
0.875;0;superb;http://farm3.staticflickr.com/2266/2395229103_b8c63f7243.jpg;Superb Starling all puffed up 0R7E7047
0.875;0;superb;http://farm3.staticflickr.com/2399/2109749559_7030a464f2.jpg;Superb Fairy Wrens
0.875;0;superb;http://farm5.staticflickr.com/4039/4396741339_b6c1a3e093.jpg;Superb Starling
0.875;0;superb;http://farm4.staticflickr.com/3154/2663277434_8b56c93c33.jpg;Superb Fairywren
0.875;0;superb;http://farm9.staticflickr.com/8449/8034948062_0687072c13.jpg;Superb Starling (Lamprotornis superbus)
0.875;0;superb;http://farm3.staticflickr.com/2310/2036310389_7785e5461a.jpg;Superb Fairywren
0.875;0;superb;http://farm5.staticflickr.com/4154/5000899110_98124efcbc.jpg;Superb Starling
0.875;0;superb;http://farm2.staticflickr.com/1397/1210089195_c69707b548.jpg;Superb Fairywren
0.875;0;superb;http://farm5.staticflickr.com/4052/4333707881_f8b5a580f4.jpg;Superb Fairy-wern
0.875;0;superb;http://farm9.staticflickr.com/8228/8529445634_e682f36e6f_z.jpg;Superb Starling
0.875;0;superb;http://farm9.staticflickr.com/8382/8553338887_cbd8c29497.jpg;Superb Fairy-wren, hunting.
0.875;0;superb;http://farm9.staticflickr.com/8206/8185293980_870a544907.jpg;Superb Starling
0.875;0;superb;http://farm5.staticflickr.com/4051/4257496703_c191504947.jpg;Superb Siblings
0.875;0;superb;http://farm4.staticflickr.com/3642/3591664463_32b946950a.jpg;Superb Fairy-wren
0.875;0;superb;http://farm6.staticflickr.com/5047/5254187815_8462079d12.jpg;Superb Starling
0.875;0;superb;http://farm5.staticflickr.com/4052/4208592293_49c78dccb1.jpg;Superb starling
0.875;0;superb;http://farm1.staticflickr.com/40/149538859_bdca7364b3.jpg;Superb Fairywren
0.875;0;superb;http://farm9.staticflickr.com/8488/8275128359_e8c5c65e12.jpg;Superb Blue Wren
0.875;0;superb;http://farm9.staticflickr.com/8044/8076267154_af347eaffe_z.jpg;SUPERB STARLING
0.875;0;superb;http://farm4.staticflickr.com/3106/2828537716_dc727924c4.jpg;Superb Starling (Lamprotornis superbus)
0.875;0;superb;http://farm1.staticflickr.com/120/305289885_c540a24489.jpg;Superb Fairywren - female
0.875;0;superb;http://farm3.staticflickr.com/2134/5746750279_3ca8b99ca4.jpg;Superb Fairy-Wren, male.
0.875;0;superb;http://farm8.staticflickr.com/7232/6992325976_a270210f84.jpg;Superb Fairy-wren
0.875;0;superb;http://farm3.staticflickr.com/2026/2355774321_66d0d1a3f7.jpg;Superb Fairywren
0.875;0;superb;http://farm9.staticflickr.com/8513/8585084850_ebea757d6b.jpg;Superb Fairy-wren, female, with dandelion seeds
0.875;0;superb;http://farm3.staticflickr.com/2617/4157401566_666682b636.jpg;Superb Fairy-wern
0.875;0;superb;http://farm9.staticflickr.com/8466/8409005198_05438ef56f.jpg;Superb Starling
0.875;0;superb;http://farm3.staticflickr.com/2641/3931579586_9955823edd.jpg;Superb Starling
0.875;0;superb;http://farm4.staticflickr.com/3305/4621346978_c6f4a6fc84.jpg;Superb Starlings
0.875;0;superb;http://farm1.staticflickr.com/52/149538603_1e129a4ae2.jpg;Superb Fairywren
0.875;0;superb;http://farm4.staticflickr.com/3603/3399456473_fe327c6cc7.jpg;Superb Starling
0.875;0;superb;http://farm3.staticflickr.com/2517/4091770551_f2f1c65910.jpg;Superb Fairy Wren (female)
0.875;0;superb;http://farm4.staticflickr.com/3066/2441123877_273e0d9b61.jpg;Superb Starling - profile!
0.875;0;superb;http://farm6.staticflickr.com/5250/5231023446_6bfd473ef9.jpg;Superb Fairywren (Malurus cyaneus)
0.875;0;superb;http://farm4.staticflickr.com/3520/3706856349_395aff662e.jpg;Superb Green Cicada
0.875;0;superb;http://farm3.staticflickr.com/2450/3815128783_0f1db8a037.jpg;Superb starling
0.875;0;superb;http://farm4.staticflickr.com/3450/3190291722_a4ac080421.jpg;Superb Parrot
0.875;0;superb;http://farm9.staticflickr.com/8334/8078908952_1deeb857cb.jpg;Superb Starling (Lamprotornis superbus)
0.875;0;superb;http://farm9.staticflickr.com/8442/8018986971_387a0acd06.jpg;Superb parrot male DSC_4991
0.875;0;superb;http://farm3.staticflickr.com/2812/9030545772_445f544ff5.jpg;Superb Starling with Feather
0.875;0;superb;http://farm9.staticflickr.com/8048/8075762973_6a47dca9c4.jpg;Superb Starling (Lamprotornis superbus)
0.875;0;superb;http://farm6.staticflickr.com/5086/5380597990_36e2cdbe31.jpg;Superb Starling (Lamprotornis superbus)
0.875;0;superb;http://farm4.staticflickr.com/3374/3198477652_6b4539f4d2.jpg;Superb Fairy-wren
0.875;0;superb;http://farm9.staticflickr.com/8251/8487796187_d39d16d448.jpg;Superb Fairy-wren Portrait
0.875;0;superb;http://farm9.staticflickr.com/8030/7985029787_4cc1da917b.jpg;Superb Parrot - Polytelis swainsonii DSC_3273
0.875;0;superb;http://farm6.staticflickr.com/5244/5379998597_c966c682e0.jpg;Superb Starling (Lamprotornis superbus)
0.875;0;elegance;http://farm9.staticflickr.com/8468/8134113753_0f06116c59.jpg;Elegance: O último grande sucesso da Busscar
0.875;0;elegance;http://farm5.staticflickr.com/4080/4925855251_a88de456fb.jpg;1982 Cadillac Sedan DeVille D'elegance diesel
0.875;0;elegance;http://farm5.staticflickr.com/4100/4926451192_6147e31607.jpg;1982 Cadillac Sedan DeVille D'elegance diesel
0.875;0;elegance;http://farm3.staticflickr.com/2771/4537287068_6e20575271.jpg;Elegance ~ MjYj
0.875;0;elegance;http://farm4.staticflickr.com/3572/3443450077_093a966a28.jpg;Élegance
0.875;0;elegance;http://farm5.staticflickr.com/4137/4792075158_27e13c1476.jpg;Elegance
0.875;0;elegance;http://farm9.staticflickr.com/8459/8033389186_ba4c08dd17.jpg;ELEGANCE
0.875;0;elegance;http://farm1.staticflickr.com/194/504413255_3ad4e2b35f.jpg;elegance...
0.875;0;elegance;http://farm9.staticflickr.com/8436/8020522549_2b2e08447a.jpg;ELEGANCE
0.875;0;elegance;http://farm3.staticflickr.com/2248/5818357568_7e8454b0e1.jpg;Elegance
0.875;0;elegance;http://farm3.staticflickr.com/2773/4332996293_57cc387597.jpg;Elegance
0.875;0;elegance;http://farm3.staticflickr.com/2260/2219298612_cc3065469c.jpg;~ Elegance
0.875;0;elegance;http://farm9.staticflickr.com/8446/7840480772_78b7e18ba1.jpg;Elegance
0.875;0;elegance;http://farm1.staticflickr.com/169/376048247_dcab9d494e.jpg;Elegance
0.875;0;elegance;http://farm9.staticflickr.com/8451/7958563870_275bcdc075.jpg;Elegance
0.875;0;elegance;http://farm1.staticflickr.com/71/165999000_e1732542bb.jpg;elegance
0.875;0;elegance;http://farm3.staticflickr.com/2668/3905017482_ccbbf3ce91.jpg;Elegance
0.875;0;elegance;http://farm1.staticflickr.com/73/206391872_e508b05c05.jpg;Elegance*
0.875;0;elegance;http://farm1.staticflickr.com/112/260110038_361efba9e8.jpg;elegance
0.875;0;elegance;http://farm7.staticflickr.com/6155/6195703169_bfbd1fdb16_z.jpg;Elegance Theme in Dark Skin
0.875;0;elegance;http://farm3.staticflickr.com/2667/3718728328_96bb46d7db_z.jpg?zz=1;Elegance
0.875;0;elegance;http://farm1.staticflickr.com/125/360537024_633783a0a1.jpg;Elegance
0.875;0;elegance;http://farm9.staticflickr.com/8396/8696274025_0acb9c14e6.jpg;Elegance
0.875;0;elegance;http://farm1.staticflickr.com/40/87837548_e5cdc68017.jpg;Elegance*
0.875;0;elegance;http://farm8.staticflickr.com/7015/6536667327_68f2962976.jpg;elegance
0.875;0;elegance;http://farm3.staticflickr.com/2496/3891482661_1044b57575.jpg;Elegance
0.875;0;elegance;http://farm6.staticflickr.com/5015/5474774205_f24a503b34.jpg;...elegance
0.875;0;elegance;http://farm4.staticflickr.com/3413/3431752839_c4a37c6ff5.jpg;elegance
0.875;0;elegance;http://farm4.staticflickr.com/3478/3938157491_e8c2ab088d.jpg;Elegance
0.875;0;elegance;http://farm1.staticflickr.com/130/370626709_e2cdb41735.jpg;Elegance
0.875;0;elegance;http://farm9.staticflickr.com/8428/7772325248_1218172355.jpg;Elegance
0.875;0;elegance;http://farm3.staticflickr.com/2445/4060901952_6c3bf05b10.jpg;elegance...
0.875;0;elegance;http://farm4.staticflickr.com/3269/3007607162_b9f6ff2d3a.jpg;"Elegance"
0.875;0;elegance;http://farm3.staticflickr.com/2069/1899595427_e93eb01fce.jpg;Elegance
0.875;0;elegance;http://farm9.staticflickr.com/8528/8568843401_03bc506156.jpg;ELEGANCE
0.875;0;elegance;http://farm8.staticflickr.com/7054/6853239869_179956b680_z.jpg;Elegance
0.875;0;elegance;http://farm1.staticflickr.com/166/374367781_2ff8a12c75.jpg;Elegance
0.875;0;elegance;http://farm4.staticflickr.com/3064/5784033107_2605d9df8e.jpg;Elegance
0.875;0;elegance;http://farm5.staticflickr.com/4005/4681632443_b26597a95a.jpg;Elegance
0.875;0;elegance;http://farm3.staticflickr.com/2505/4084274060_22d0e8a4e4_z.jpg;Elegance
0.875;0;elegance;http://farm1.staticflickr.com/205/494380752_1c05411e18.jpg;Elegance
0.875;0;elegance;http://farm9.staticflickr.com/8012/7497161200_1aefb65596.jpg;Elégance / Elegance
0.875;0;elegance;http://farm8.staticflickr.com/7100/6985169120_a6801e0212.jpg;Elegance and beauty of young woman
0.875;0;elegance;http://farm1.staticflickr.com/155/340217570_74f0242759.jpg;Elegance
0.875;0;elegance;http://farm7.staticflickr.com/6169/6150734840_58282d5b6c.jpg;Elegance.
0.875;0;elegance;http://farm9.staticflickr.com/8204/8193963645_c2b30c5303.jpg;Elegance
0.875;0;elegance;http://farm9.staticflickr.com/8454/7904806570_131ea79cc8.jpg;Elegance
0.875;0;elegance;http://farm4.staticflickr.com/3409/3427869744_2d123b3940.jpg;Elegance #4
0.875;0;elegance;http://farm4.staticflickr.com/3318/3422368518_3a78cec186.jpg;Elegance #1
0.875;0;elegance;http://farm6.staticflickr.com/5260/5432681661_a06f1a2102.jpg;Elegance
0.875;0;righteous;http://farm9.staticflickr.com/8507/8508473225_f5a9af8444.jpg;Righteous Vendetta
0.875;0;righteous;http://farm3.staticflickr.com/2835/8979057614_7fd1de6cb3.jpg;Righteous Hillbillies 6-1-13
0.875;0;righteous;http://farm5.staticflickr.com/4059/4349738429_46710cd945.jpg;righteous red
0.875;0;righteous;http://farm6.staticflickr.com/5087/5219312568_0b3731c1bf.jpg;Righteous
0.875;0;righteous;http://farm3.staticflickr.com/2759/4502330581_2ecd12122a.jpg;Righteous
0.875;0;righteous;http://farm6.staticflickr.com/5005/5219340588_63e673bb3c.jpg;Righteous Masquerade Ball
0.875;0;righteous;http://farm6.staticflickr.com/5127/5218860381_e477c7fe38_z.jpg;Righteous 29 November 2010
0.875;0;righteous;http://farm4.staticflickr.com/3132/2629642436_eab9b91811.jpg;righteous
0.875;0;righteous;http://farm1.staticflickr.com/153/428065482_ef14285306_z.jpg?zz=1;Righteous. . .?
0.875;0;righteous;http://farm4.staticflickr.com/3162/3014755013_36c5783311.jpg;Righteous Pups - Ash
0.875;0;righteous;http://farm3.staticflickr.com/2396/2271378307_fbbe16b944_z.jpg;Righteous
0.875;0;righteous;http://farm8.staticflickr.com/7318/8735825858_c3461218b2.jpg;Righteous Vendetta
0.875;0;righteous;http://farm5.staticflickr.com/4085/5218751529_a155f78360_z.jpg;Toxia Righteous Xmas 2009
0.875;0;righteous;http://farm6.staticflickr.com/5161/5218751795_464b7899c2.jpg;Toxia Righteous Xmas 2009
0.875;0;righteous;http://farm5.staticflickr.com/4132/5218751619_2b04311420.jpg;Toxia Righteous Xmas 2009
0.875;0;righteous;http://farm4.staticflickr.com/3104/2891042168_c94a31f3af.jpg;Righteous
0.875;0;righteous;http://farm3.staticflickr.com/2717/4113737426_6c1dd4f766.jpg;Righteous Intent Video Trailer
0.875;0;righteous;http://farm1.staticflickr.com/77/197641517_89df3f1a49.jpg;Righteous Jams
0.875;0;righteous;http://farm5.staticflickr.com/4114/4894911829_41c1d21181.jpg;Righteous Fool - 04 - DNA Lounge - 8/10/2010
0.875;0;righteous;http://farm5.staticflickr.com/4073/4895506314_21b77d51d5.jpg;Righteous Fool - 03 - DNA Lounge - 8/10/2010
0.875;0;righteous;http://farm5.staticflickr.com/4078/4895506102_c5076652eb.jpg;Righteous Fool - 02 - DNA Lounge - 8/10/2010
0.875;0;righteous;http://farm5.staticflickr.com/4074/4895505932_c579759665.jpg;Righteous Fool - 01 - DNA Lounge - 8/10/2010
0.875;0;righteous;http://farm3.staticflickr.com/2614/4114630013_1b0e77be72.jpg;mount righteous
0.875;0;righteous;http://farm3.staticflickr.com/2670/4113787948_26d54d09c1.jpg;Righteous Intent by Brian K. Bays
0.875;0;righteous;http://farm4.staticflickr.com/3147/2764731363_8ab3da6375.jpg;Righteous Kill
0.875;0;righteous;http://farm6.staticflickr.com/5096/5478685160_72a000c90e_z.jpg;Righteous 
0.875;0;righteous;http://farm5.staticflickr.com/4023/4713754456_85a7769d44.jpg;Righteous Bison
0.875;0;righteous;http://farm9.staticflickr.com/8080/8278837110_6f59fb9262.jpg;Righteous Sarah
0.875;0;righteous;http://farm5.staticflickr.com/4050/4707736363_6a631ed8a2.jpg;Righteous 'Zooms
0.875;0;righteous;http://farm5.staticflickr.com/4011/4707736315_8930fda6c8.jpg;Righteous 'Zooms
0.875;0;righteous;http://farm5.staticflickr.com/4046/4708379732_79896eef66.jpg;Righteous 'Zooms
0.875;0;righteous;http://farm5.staticflickr.com/4042/4708379666_1032e16f91.jpg;Righteous 'Zooms
0.875;0;righteous;http://farm3.staticflickr.com/2787/4260414434_ea6ace9682.jpg;Righteous Fur Fashion Show
0.875;0;righteous;http://farm3.staticflickr.com/2750/4260417390_fa5544234e.jpg;Righteous Fur Fashion Show
0.875;0;righteous;http://farm3.staticflickr.com/2704/4260418444_528dd2e088.jpg;Righteous Fur Fashion Show
0.875;0;righteous;http://farm3.staticflickr.com/2790/4260420690_1520699bcf.jpg;Righteous Fur Fashion Show
0.875;0;righteous;http://farm3.staticflickr.com/2694/4259664207_2e796194dc.jpg;Righteous Fur Fashion Show
0.875;0;righteous;http://farm4.staticflickr.com/3561/3564266220_aa14e32ecb.jpg;Righteous Room
0.875;0;righteous;http://farm4.staticflickr.com/3027/3018583496_ebff8f9c7d.jpg;Righteous Pup - Ash - Loving Look
0.875;0;righteous;http://farm4.staticflickr.com/3657/3613830867_1023edab60.jpg;Righteous Urban Barbecue
0.875;0;righteous;http://farm4.staticflickr.com/3635/3613821997_be6f7c3cdf.jpg;Righteous Urban Barbecue
0.875;0;righteous;http://farm3.staticflickr.com/2455/3613818013_130b22262a.jpg;Righteous Urban Barbecue
0.875;0;righteous;http://farm4.staticflickr.com/3375/3613824155_311e91242e.jpg;Righteous Urban Barbecue
0.875;0;righteous;http://farm4.staticflickr.com/3360/3613817209_de7613abd4.jpg;Righteous Urban Barbecue
0.875;0;righteous;http://farm4.staticflickr.com/3402/3614644392_2fcf342e75.jpg;Righteous Urban Barbecue
0.875;0;righteous;http://farm3.staticflickr.com/2451/3613820321_f59c2390e8.jpg;Righteous Urban Barbecue
0.875;0;righteous;http://farm4.staticflickr.com/3397/3614635138_a671d22c96.jpg;Righteous Urban Barbecue
0.875;0;righteous;http://farm4.staticflickr.com/3614/3614647176_b584b8cd22.jpg;Righteous Urban Barbecue
0.875;0;righteous;http://farm4.staticflickr.com/3320/3613815455_50f543a5da.jpg;Righteous Urban Barbecue
0.875;0;righteous;http://farm5.staticflickr.com/4046/4260414804_342e642276.jpg;Righteous Fur Fashion Show
0.875;0;awesome;http://farm7.staticflickr.com/6192/6080932077_599cd41288.jpg;Awesome  detail here !  8  25  2011.
0.875;0;awesome;http://farm7.staticflickr.com/6203/6145518920_9c32765eb2.jpg;TOO  Awesome !!  9  13  2011.
0.875;0;awesome;http://farm4.staticflickr.com/3492/3238550310_85005277bc.jpg;Awesome Wave
0.875;0;awesome;http://farm2.staticflickr.com/1328/1484615917_cad5ab7172.jpg;Caps-Lock is FULL OF AWESOME!!1!
0.875;0;awesome;http://farm4.staticflickr.com/3546/3515323991_1cca40e5a3.jpg;Awesome tutorial
0.875;0;awesome;http://farm5.staticflickr.com/4004/4305433820_a80c536801.jpg;25/365: Happy Bench Monday ~ Awesome Sauce!
0.875;0;awesome;http://farm6.staticflickr.com/5310/5615054016_d61d6397a1.jpg;Awesome here !! 4  12  2011.
0.875;0;awesome;http://farm1.staticflickr.com/43/134830408_1fa8b29202.jpg;Awesome
0.875;0;awesome;http://farm4.staticflickr.com/3589/3782336474_0211728a14.jpg;Awesome Icons
0.875;0;awesome;http://farm4.staticflickr.com/3106/2648306288_25b599ab9f.jpg;Awesome smiles
0.875;0;awesome;http://farm7.staticflickr.com/6010/5962552866_f3a7cbff6a_z.jpg;Awesome Landscape!!!! DSC_5121
0.875;0;awesome;http://farm1.staticflickr.com/61/165897920_e1f2e577a2.jpg;Awesome
0.875;0;awesome;http://farm2.staticflickr.com/1396/722288536_43b4060832.jpg;Awesome-o
0.875;0;awesome;http://farm4.staticflickr.com/3569/3688508659_b31bee0b5b.jpg;Awesome Vantage Point
0.875;0;awesome;http://farm9.staticflickr.com/8285/7785402938_8b7121463d.jpg;awesome  fire sunset here 8  12  2012  all natural here !!
0.875;0;awesome;http://farm6.staticflickr.com/5149/5865454056_faa7a2e3c6_z.jpg;awesome sunset here ! 2010.
0.875;0;awesome;http://farm1.staticflickr.com/97/229141692_b979fe3c45.jpg;AWESOME
0.875;0;awesome;http://farm6.staticflickr.com/5466/7234760896_16c1487abf.jpg;Awesome.
0.875;0;awesome;http://farm6.staticflickr.com/5174/5532849290_365d6e56d9.jpg;Awesome Michigan clouds with the Diana mini
0.875;0;awesome;http://farm6.staticflickr.com/5224/5621148937_dd26337dcd.jpg;FollowFriday - Awesome Levitation Edition!
0.875;0;awesome;http://farm1.staticflickr.com/1/3915804_88f20cfcd9.jpg;Awesome, awesome billboard
0.875;0;awesome;http://farm3.staticflickr.com/2756/4537698137_01a428493b.jpg;awesome tulips on black  - 151
0.875;0;awesome;http://farm1.staticflickr.com/39/91500993_f01ca66390.jpg;awesome
0.875;0;awesome;http://farm1.staticflickr.com/170/447477758_15b5135915.jpg;awesome
0.875;0;awesome;http://farm4.staticflickr.com/3478/5833356969_9d43b669db.jpg;Martin Ontiveros is AWESOME at Hurley’s SPACE Gallery in Costa Mesa, CA.
0.875;0;awesome;http://farm1.staticflickr.com/7/7944158_ee5f3972fd.jpg;Awesome In Three Dimensions
0.875;0;awesome;http://farm6.staticflickr.com/5025/5671394298_c51f2b9b16.jpg;Totally awesome here ....wow !!
0.875;0;awesome;http://farm7.staticflickr.com/6097/6363185361_5642e3662d.jpg;Awesome Ashley in awesome pink dress.
0.875;0;awesome;http://farm8.staticflickr.com/7048/6860307181_bc81cb417f.jpg;Awesome Harajuku
0.875;0;awesome;http://farm4.staticflickr.com/3197/2978221547_83feb51de2.jpg;Awesome Snakes
0.875;0;awesome;http://farm7.staticflickr.com/6127/5932754292_abf9c7378c.jpg;Awesome Face
0.875;0;awesome;http://farm3.staticflickr.com/2654/4012979536_87f8d57c18.jpg;Awesome sunset at Matalascañas Beach (Huelva, Spain) / Asombroso atarceder en la playa de Matalascañas (Huelva)
0.875;0;awesome;http://farm6.staticflickr.com/5216/5495002569_be2d81803d.jpg;Awesome Cat
0.875;0;awesome;http://farm5.staticflickr.com/4101/4822009997_82e583d021.jpg;Awesome sky over Madrid's Royal Palace / Asombroso cielo sobre el Palacio Real en Madrid
0.875;0;awesome;http://farm4.staticflickr.com/3372/3268741034_46a2383826.jpg;Awesome British Wellies (TM)
0.875;0;awesome;http://farm3.staticflickr.com/2670/4079684509_268d492c48.jpg;AWESOME COLLECTION
0.875;0;awesome;http://farm4.staticflickr.com/3241/2859565911_a3cc47c932.jpg;Awesome Old House 
0.875;0;awesome;http://farm3.staticflickr.com/2697/4504111974_42d66dc629_z.jpg;Awesome Package From Anthony Zinonos
0.875;0;awesome;http://farm6.staticflickr.com/5267/5732208508_380408ce2a.jpg;awesome PINK here ! 5 17 2011.
0.875;0;awesome;http://farm6.staticflickr.com/5135/5489063611_e962334353.jpg;Awesome Foundation DC, Poster
0.875;0;awesome;http://farm9.staticflickr.com/8190/8414667417_f339647be5.jpg;truly awesome.
0.875;0;awesome;http://farm7.staticflickr.com/6138/6008981018_3498674182.jpg;awesome things / tolle sachen
0.875;0;awesome;http://farm4.staticflickr.com/3412/4615037080_5fc2e31a74.jpg;Awesome Sunset in Rostock
0.875;0;awesome;http://farm6.staticflickr.com/5292/5512946572_2a0e727a1b.jpg;Awesome paint job. 
0.875;0;awesome;http://farm3.staticflickr.com/2665/4021638464_ff4c4787de.jpg;awesome bat-shirt
0.875;0;awesome;http://farm4.staticflickr.com/3278/5737598426_68f53705a2.jpg;Awesome Man
0.875;0;awesome;http://farm4.staticflickr.com/3033/2599853686_228e809868_z.jpg;Awesome Power
0.875;0;awesome;http://farm5.staticflickr.com/4122/4937839757_e6d7e863df.jpg;Rolls Royce Ghost   "AWESOME"
0.875;0;awesome;http://farm5.staticflickr.com/4113/5435649120_02171303bb.jpg;Awesome You
0.875;0;awesome;http://farm1.staticflickr.com/97/385897658_c8ce5081d3.jpg;Awesome Inspirational poster
0.875;0;virtuous;http://farm4.staticflickr.com/3045/2855272734_3f19107c96.jpg;Virtuous
0.875;0;virtuous;http://farm3.staticflickr.com/2648/3732786483_57c4f992a7.jpg;Virtuous: Healthy Eating 101
0.875;0;virtuous;http://farm4.staticflickr.com/3049/2775909800_f078b3178b.jpg;Virtuous Well
0.875;0;virtuous;http://farm5.staticflickr.com/4081/4824501296_a693547b7d.jpg;Virtuous
0.875;0;virtuous;http://farm4.staticflickr.com/3202/2775910670_f4261bce16.jpg;Virtuous Well
0.875;0;virtuous;http://farm4.staticflickr.com/3055/2776469520_942dc65908.jpg;Virtuous Well
0.875;0;virtuous;http://farm4.staticflickr.com/3163/2775614829_3455ca501e.jpg;Virtuous Well
0.875;0;virtuous;http://farm4.staticflickr.com/3227/2775054885_d604ba4a54.jpg;Virtuous Well
0.875;0;virtuous;http://farm4.staticflickr.com/3219/2775055243_2d3fa28dd1.jpg;Virtuous Well
0.875;0;virtuous;http://farm4.staticflickr.com/3080/2775910320_3fbd944e77.jpg;Virtuous Well
0.875;0;virtuous;http://farm4.staticflickr.com/3047/2775615019_079f08df56.jpg;Virtuous Well
0.875;0;virtuous;http://farm4.staticflickr.com/3186/2775615401_9f414c5caf.jpg;Virtuous Well
0.875;0;virtuous;http://farm4.staticflickr.com/3170/2775615219_6a82fbebef.jpg;Virtuous Well
0.875;0;virtuous;http://farm4.staticflickr.com/3020/2775054525_788d6998ef.jpg;Virtuous Well
0.875;0;virtuous;http://farm5.staticflickr.com/4127/4837561082_8e6b98e759.jpg;Virtuous bow
0.875;0;virtuous;http://farm5.staticflickr.com/4145/4837561592_f10c662fd7.jpg;Virtuous scaffolding
0.875;0;virtuous;http://farm4.staticflickr.com/3140/2775054715_61dc669213.jpg;Virtuous Well
0.875;0;virtuous;http://farm3.staticflickr.com/2011/1748376252_6fcf4b7856.jpg;Virtuous Smile
0.875;0;virtuous;http://farm8.staticflickr.com/7012/6595825479_ea2a526d7e.jpg;Virtuous Cycles - Lafayette, IN
0.875;0;virtuous;http://farm3.staticflickr.com/2706/4445525160_0957ec4555.jpg;The Virtuous Well
0.875;0;virtuous;http://farm1.staticflickr.com/84/242975604_ab9d86933c.jpg;NOBO Virtuous Circle
0.875;0;virtuous;http://farm2.staticflickr.com/1091/1039898083_fad753f543.jpg;'A Virtuous Virgin'
0.875;0;virtuous;http://farm3.staticflickr.com/2563/3914565579_272117f568.jpg;The Virtuous Bride
0.875;0;virtuous;http://farm5.staticflickr.com/4080/4849629237_619ebd15ee.jpg;FR-253 Virtuous launch on 31/07/10 at Parkol Marine Engineering, Whitby
0.875;0;virtuous;http://farm6.staticflickr.com/5257/5504937696_548e428620.jpg;More from the Virtuous Tweed Ride
0.875;0;virtuous;http://farm6.staticflickr.com/5134/5504946642_dd28dbbfa1.jpg;More from the Virtuous Tweed Ride
0.875;0;virtuous;http://farm6.staticflickr.com/5292/5504347579_63514906af.jpg;More from the Virtuous Tweed Ride
0.875;0;virtuous;http://farm6.staticflickr.com/5060/5504349169_c948993fb4.jpg;More from the Virtuous Tweed Ride
0.875;0;virtuous;http://farm6.staticflickr.com/5092/5504935340_d91f32469b.jpg;More from the Virtuous Tweed Ride
0.875;0;virtuous;http://farm6.staticflickr.com/5252/5504944876_834e7bd47f.jpg;More from the Virtuous Tweed Ride
0.875;0;virtuous;http://farm6.staticflickr.com/5140/5504948456_4f09253fc9.jpg;More from the Virtuous Tweed Ride
0.875;0;virtuous;http://farm6.staticflickr.com/5092/5504950176_cab3f18afc.jpg;More from the Virtuous Tweed Ride
0.875;0;virtuous;http://farm6.staticflickr.com/5171/5504939418_f44b60e80f.jpg;More from the Virtuous Tweed Ride
0.875;0;virtuous;http://farm6.staticflickr.com/5099/5504924296_a0c76d2c4e.jpg;More from the Virtuous Tweed Ride
0.875;0;virtuous;http://farm6.staticflickr.com/5018/5504914522_27d2211ab0.jpg;More from the Virtuous Tweed Ride
0.875;0;virtuous;http://farm6.staticflickr.com/5131/5504930542_4dd33bc1de.jpg;More from the Virtuous Tweed Ride
0.875;0;virtuous;http://farm6.staticflickr.com/5134/5504323371_b88df6833b.jpg;More from the Virtuous Tweed Ride
0.875;0;virtuous;http://farm6.staticflickr.com/5296/5504338453_89b680091f.jpg;More from the Virtuous Tweed Ride
0.875;0;virtuous;http://farm6.staticflickr.com/5014/5504911644_0c5c2e404a.jpg;More from the Virtuous Tweed Ride
0.875;0;virtuous;http://farm6.staticflickr.com/5180/5504331429_a47ed15a2f.jpg;More from the Virtuous Tweed Ride
0.875;0;virtuous;http://farm6.staticflickr.com/5291/5504321579_357d4606e2.jpg;More from the Virtuous Tweed Ride
0.875;0;virtuous;http://farm6.staticflickr.com/5053/5504332899_e3bce0f859.jpg;More from the Virtuous Tweed Ride
0.875;0;virtuous;http://farm6.staticflickr.com/5137/5504920784_89c3f8fc9e.jpg;More from the Virtuous Tweed Ride
0.875;0;virtuous;http://farm6.staticflickr.com/5057/5504328263_b44bc9fed8.jpg;More from the Virtuous Tweed Ride
0.875;0;virtuous;http://farm6.staticflickr.com/5093/5504918990_a8e4d3cc8a.jpg;More from the Virtuous Tweed Ride
0.875;0;virtuous;http://farm6.staticflickr.com/5098/5504913026_e7932faed9.jpg;More from the Virtuous Tweed Ride
0.875;0;virtuous;http://farm6.staticflickr.com/5015/5504334737_e849861399.jpg;More from the Virtuous Tweed Ride
0.875;0;virtuous;http://farm7.staticflickr.com/6158/6160483971_6562873ec1_z.jpg;VIRTUOUS FR253
0.875;0;virtuous;http://farm9.staticflickr.com/8297/7869232826_f9b749fda7.jpg;King's College Chapel - 16 | Christ harrowing Hell and greeting Adam and the virtuous pagans
0.875;0;virtuous;http://farm4.staticflickr.com/3031/2433266017_4cbf279217.jpg;Virtuous Well
0.875;0;idyllic;http://farm3.staticflickr.com/2872/8977199758_e3bc9b154c.jpg;Idyllic small town
0.875;0;idyllic;http://farm1.staticflickr.com/250/524941558_9161a6f78f.jpg;Idyllic Tropical Beach
0.875;0;idyllic;http://farm7.staticflickr.com/6235/6347492926_05ba5617bb.jpg;Idyllic_Promo_Example
0.875;0;idyllic;http://farm8.staticflickr.com/7129/7813948250_4fc391b890.jpg;Idyllic @ Geylang
0.875;0;idyllic;http://farm7.staticflickr.com/6171/6186214755_215122a51c.jpg;Idyllic fern 
0.875;0;idyllic;http://farm8.staticflickr.com/7068/6929520257_863ecbe52a_z.jpg;Idyllic Concept Resort
0.875;0;idyllic;http://farm8.staticflickr.com/7197/6929521219_5082515bbb_z.jpg;Idyllic Concept Resort
0.875;0;idyllic;http://farm8.staticflickr.com/7208/6929522031_9514285ff2_z.jpg;Idyllic Concept Resort
0.875;0;idyllic;http://farm8.staticflickr.com/7047/6783401492_f7b0824d14_z.jpg;Idyllic Concept Resort
0.875;0;idyllic;http://farm8.staticflickr.com/7181/6783405220_2f75bd9b66.jpg;Idyllic Concept Resort
0.875;0;idyllic;http://farm8.staticflickr.com/7064/6929520911_31e2257fd4_z.jpg;Idyllic Concept Resort
0.875;0;idyllic;http://farm8.staticflickr.com/7045/6929523115_2f9fbb9051.jpg;Idyllic Concept Resort
0.875;0;idyllic;http://farm8.staticflickr.com/7193/6783405126_7daaac805c.jpg;Idyllic Concept Resort
0.875;0;idyllic;http://farm8.staticflickr.com/7193/6929523229_43e32ea4c2.jpg;Idyllic Concept Resort
0.875;0;idyllic;http://farm8.staticflickr.com/7055/6783401190_cca20e6c89_z.jpg;Idyllic Concept Resort
0.875;0;idyllic;http://farm8.staticflickr.com/7207/6929522949_79e1f985de.jpg;Idyllic Concept Resort
0.875;0;idyllic;http://farm8.staticflickr.com/7185/6929521639_53b18330e7_z.jpg;Idyllic Concept Resort
0.875;0;idyllic;http://farm8.staticflickr.com/7053/6783405404_a359e95390.jpg;Idyllic Concept Resort
0.875;0;idyllic;http://farm8.staticflickr.com/7054/6783403974_b561ae6b86_z.jpg;Idyllic Concept Resort
0.875;0;idyllic;http://farm8.staticflickr.com/7207/6783402262_e4600d4977_z.jpg;Idyllic Concept Resort
0.875;0;idyllic;http://farm8.staticflickr.com/7196/6929556461_639f084fe0_z.jpg;Idyllic Concept Resort Koh Lipe
0.875;0;idyllic;http://farm8.staticflickr.com/7204/6783435998_bc68488b35.jpg;Idyllic Concept Resort Koh Lipe
0.875;0;idyllic;http://farm8.staticflickr.com/7193/6929554071_fc1249b80d.jpg;Idyllic Concept Resort Koh Lipe
0.875;0;idyllic;http://farm8.staticflickr.com/7060/6929555055_3549266612.jpg;Idyllic Concept Resort Koh Lipe
0.875;0;idyllic;http://farm8.staticflickr.com/7205/6783436958_957bd2e830_z.jpg;Idyllic Concept Resort Koh Lipe
0.875;0;idyllic;http://farm8.staticflickr.com/7177/6929554613_c3d6e66726.jpg;Idyllic Concept Resort Koh Lipe
0.875;0;idyllic;http://farm8.staticflickr.com/7194/6783435428_a6595cce3d.jpg;Idyllic Concept Resort Koh Lipe
0.875;0;idyllic;http://farm8.staticflickr.com/7208/6929553535_c7ac6d7011_z.jpg;Idyllic Concept Resort Koh Lipe
0.875;0;idyllic;http://farm8.staticflickr.com/7058/6929556791_baa8897756_z.jpg;Idyllic Concept Resort Koh Lipe
0.875;0;idyllic;http://farm8.staticflickr.com/7196/6929555541_93189722cb.jpg;Idyllic Concept Resort Koh Lipe
0.875;0;idyllic;http://farm8.staticflickr.com/7058/6929555687_77a3646b9e_z.jpg;Idyllic Concept Resort Koh Lipe
0.875;0;idyllic;http://farm5.staticflickr.com/4118/4735871650_c235cbe077.jpg;Idyllic Lake
0.875;0;idyllic;http://farm7.staticflickr.com/6158/6165519565_451c24902b.jpg;Idyllic beach
0.875;0;idyllic;http://farm9.staticflickr.com/8362/8404320727_bde5c3f972.jpg;Idyllic Concept Resort Koh Lipe www.ideeperviaggiare.it
0.875;0;idyllic;http://farm9.staticflickr.com/8517/8404315543_1ec6111784.jpg;Idyllic Concept Resort Koh Lipe www.ideeperviaggiare.it
0.875;0;idyllic;http://farm9.staticflickr.com/8045/8404320339_4733c4eb78.jpg;Idyllic Concept Resort Koh Lipe www.ideeperviaggiare.it
0.875;0;idyllic;http://farm9.staticflickr.com/8368/8405408842_fe44b20d16.jpg;Idyllic Concept Resort Koh Lipe www.ideeperviaggiare.it
0.875;0;idyllic;http://farm9.staticflickr.com/8329/8404316463_0116a00671.jpg;Idyllic Concept Resort Koh Lipe www.ideeperviaggiare.it
0.875;0;idyllic;http://farm9.staticflickr.com/8463/8404316201_ccbe71d5e6.jpg;Idyllic Concept Resort Koh Lipe www.ideeperviaggiare.it
0.875;0;idyllic;http://farm9.staticflickr.com/8075/8405410854_1d495d4292.jpg;Idyllic Concept Resort Koh Lipe www.ideeperviaggiare.it
0.875;0;idyllic;http://farm9.staticflickr.com/8085/8404316557_acfeb67a90.jpg;Idyllic Concept Resort Koh Lipe www.ideeperviaggiare.it
0.875;0;idyllic;http://farm9.staticflickr.com/8364/8404319205_8a4de1c3a7.jpg;Idyllic Concept Resort Koh Lipe www.ideeperviaggiare.it
0.875;0;idyllic;http://farm9.staticflickr.com/8492/8405408510_fc63613ec3.jpg;Idyllic Concept Resort Koh Lipe www.ideeperviaggiare.it
0.875;0;idyllic;http://farm9.staticflickr.com/8192/8404315253_be4f3a1eb8.jpg;Idyllic Concept Resort Koh Lipe www.ideeperviaggiare.it
0.875;0;idyllic;http://farm9.staticflickr.com/8052/8404317391_074a886956.jpg;Idyllic Concept Resort Koh Lipe www.ideeperviaggiare.it
0.875;0;idyllic;http://farm9.staticflickr.com/8503/8404316251_e5ecb023c0.jpg;Idyllic Concept Resort Koh Lipe www.ideeperviaggiare.it
0.875;0;idyllic;http://farm9.staticflickr.com/8211/8404321915_25660175f5.jpg;Idyllic Concept Resort Koh Lipe www.ideeperviaggiare.it
0.875;0;idyllic;http://farm9.staticflickr.com/8332/8404315727_019db97e34.jpg;Idyllic Concept Resort Koh Lipe www.ideeperviaggiare.it
0.875;0;idyllic;http://farm9.staticflickr.com/8463/8404318207_7ae0326a4f.jpg;Idyllic Concept Resort Koh Lipe www.ideeperviaggiare.it
0.875;0;idyllic;http://farm9.staticflickr.com/8464/8404314985_7f631f680c.jpg;Idyllic Concept Resort Koh Lipe www.ideeperviaggiare.it
0.875;0;formidable;http://farm8.staticflickr.com/7072/6853323034_628e54e15e.jpg;Formidable
0.875;0;formidable;http://farm6.staticflickr.com/5124/5286618262_1aafdc1406.jpg;Formidable gaze
0.875;0;formidable;http://farm3.staticflickr.com/2617/4199673289_01f4be227a.jpg;Formidable enemy appearance ：Talk of a hand
0.875;0;formidable;http://farm8.staticflickr.com/7028/6431524433_b0146ce7b7.jpg;Formidable-plus-table-entry-example-with-Formidable-Pro
0.875;0;formidable;http://farm9.staticflickr.com/8531/8522454814_a1bb0e740a.jpg;Formidable
0.875;0;formidable;http://farm4.staticflickr.com/3579/3576692642_b5e3184e41.jpg;Formidable
0.875;0;formidable;http://farm8.staticflickr.com/7142/6438475607_12dcda1798.jpg;Formidable Approach
0.875;0;formidable;http://farm7.staticflickr.com/6016/5991881995_4069f5b55a.jpg;Formidable - 2
0.875;0;formidable;http://farm8.staticflickr.com/7223/6972747076_64a2ec45ba.jpg;Formidable...
0.875;0;formidable;http://farm4.staticflickr.com/3340/5696659624_e175e86b55.jpg;Formidable...
0.875;0;formidable;http://farm6.staticflickr.com/5268/5638255111_58f4a264d5.jpg;Formidable! - MAC
0.875;0;formidable;http://farm4.staticflickr.com/3588/3306827941_d0cc242b57_z.jpg;The Joy Formidable [22 February 2009]
0.875;0;formidable;http://farm5.staticflickr.com/4127/5048001276_d7c293e142.jpg;The Joy Formidable [27 September 2010]
0.875;0;formidable;http://farm7.staticflickr.com/6201/6159324499_e3b0c2958a_z.jpg;JOY FORMIDABLE
0.875;0;formidable;http://farm8.staticflickr.com/7263/8151036720_3aaf0b2e7a.jpg;Formidable at East Largin
0.875;0;formidable;http://farm7.staticflickr.com/6175/6174111904_6029456084.jpg;Formidable, Joy Formidable
0.875;0;formidable;http://farm4.staticflickr.com/3607/3342363609_618ffd5f8c.jpg;Formidable-class frigate
0.875;0;formidable;http://farm8.staticflickr.com/7005/6478050327_42928be146.jpg;Joy Formidable
0.875;0;formidable;http://farm8.staticflickr.com/7164/6478047459_218ec27386.jpg;Joy Formidable
0.875;0;formidable;http://farm8.staticflickr.com/7017/6478044529_290cfdb793.jpg;Joy Formidable
0.875;0;formidable;http://farm8.staticflickr.com/7072/6853323034_628e54e15e.jpg;Formidable
0.875;0;formidable;http://farm6.staticflickr.com/5124/5286618262_1aafdc1406.jpg;Formidable gaze
0.875;0;formidable;http://farm3.staticflickr.com/2617/4199673289_01f4be227a.jpg;Formidable enemy appearance ：Talk of a hand
0.875;0;formidable;http://farm8.staticflickr.com/7028/6431524433_b0146ce7b7.jpg;Formidable-plus-table-entry-example-with-Formidable-Pro
0.875;0;formidable;http://farm9.staticflickr.com/8531/8522454814_a1bb0e740a.jpg;Formidable
0.875;0;formidable;http://farm4.staticflickr.com/3579/3576692642_b5e3184e41.jpg;Formidable
0.875;0;formidable;http://farm8.staticflickr.com/7142/6438475607_12dcda1798.jpg;Formidable Approach
0.875;0;formidable;http://farm7.staticflickr.com/6016/5991881995_4069f5b55a.jpg;Formidable - 2
0.875;0;formidable;http://farm8.staticflickr.com/7223/6972747076_64a2ec45ba.jpg;Formidable...
0.875;0;formidable;http://farm4.staticflickr.com/3340/5696659624_e175e86b55.jpg;Formidable...
0.875;0;formidable;http://farm6.staticflickr.com/5268/5638255111_58f4a264d5.jpg;Formidable! - MAC
0.875;0;formidable;http://farm4.staticflickr.com/3588/3306827941_d0cc242b57_z.jpg;The Joy Formidable [22 February 2009]
0.875;0;formidable;http://farm5.staticflickr.com/4127/5048001276_d7c293e142.jpg;The Joy Formidable [27 September 2010]
0.875;0;formidable;http://farm7.staticflickr.com/6201/6159324499_e3b0c2958a_z.jpg;JOY FORMIDABLE
0.875;0;formidable;http://farm8.staticflickr.com/7263/8151036720_3aaf0b2e7a.jpg;Formidable at East Largin
0.875;0;formidable;http://farm7.staticflickr.com/6175/6174111904_6029456084.jpg;Formidable, Joy Formidable
0.875;0;formidable;http://farm4.staticflickr.com/3607/3342363609_618ffd5f8c.jpg;Formidable-class frigate
0.875;0;formidable;http://farm8.staticflickr.com/7005/6478050327_42928be146.jpg;Joy Formidable
0.875;0;formidable;http://farm8.staticflickr.com/7164/6478047459_218ec27386.jpg;Joy Formidable
0.875;0;formidable;http://farm8.staticflickr.com/7017/6478044529_290cfdb793.jpg;Joy Formidable
0.875;0;formidable;http://farm8.staticflickr.com/7175/6478039287_b0a1b7d3f8.jpg;Joy Formidable
0.875;0;formidable;http://farm8.staticflickr.com/7006/6478042109_58b52dceb7.jpg;Joy Formidable
0.875;0;formidable;http://farm8.staticflickr.com/7034/6478049653_90dc7c236a.jpg;Joy Formidable
0.875;0;formidable;http://farm8.staticflickr.com/7149/6478051681_38c2749705.jpg;Joy Formidable
0.875;0;formidable;http://farm8.staticflickr.com/7143/6478053085_2674eee3e1.jpg;Joy Formidable
0.875;0;formidable;http://farm8.staticflickr.com/7012/6478052441_0aa616674a.jpg;Joy Formidable
0.875;0;formidable;http://farm8.staticflickr.com/7034/6478041459_c9fbfecec7.jpg;Joy Formidable
0.875;0;formidable;http://farm8.staticflickr.com/7169/6478057501_1acfd0fdaa.jpg;Joy Formidable
0.875;0;formidable;http://farm8.staticflickr.com/7022/6478040827_c3876d6f4b.jpg;Joy Formidable
0.875;0;formidable;http://farm8.staticflickr.com/7025/6478048437_f9cde604a9.jpg;Joy Formidable
0.875;0;formidable;http://farm8.staticflickr.com/7012/6478053809_8ac8c10f97.jpg;Joy Formidable
0.875;0;formidable;http://farm8.staticflickr.com/7023/6478046155_3a62cb56f0.jpg;Joy Formidable
0.875;0;formidable;http://farm8.staticflickr.com/7144/6478043611_671d56e587.jpg;Joy Formidable
0.875;0;formidable;http://farm8.staticflickr.com/7148/6478038245_93ece3c6b2.jpg;Joy Formidable
0.875;0;formidable;http://farm8.staticflickr.com/7167/6478040081_fde2e99dc9.jpg;Joy Formidable
0.875;0;formidable;http://farm8.staticflickr.com/7016/6478054535_24b101c702.jpg;Joy Formidable
0.875;0;formidable;http://farm8.staticflickr.com/7260/7544560884_0457768e7c.jpg;formidable dagger
0.875;0;formidable;http://farm9.staticflickr.com/8251/8541078848_112473ce2c.jpg;Joy Formidable
0.875;0;formidable;http://farm5.staticflickr.com/4035/4474223019_e6fae657e6.jpg;Joy Formidable
0.875;0;formidable;http://farm4.staticflickr.com/3663/3556305510_23a062165f.jpg;Joy Formidable
0.875;0;formidable;http://farm4.staticflickr.com/3664/3556307148_93a1073796.jpg;Joy Formidable
0.875;0;formidable;http://farm4.staticflickr.com/3597/3555494877_4c644de9be.jpg;Joy Formidable
0.875;0;formidable;http://farm4.staticflickr.com/3345/3556307394_45bba534bd.jpg;Joy Formidable
0.875;0;formidable;http://farm4.staticflickr.com/3339/3556305616_f5b9999acf.jpg;Joy Formidable
0.875;0;formidable;http://farm4.staticflickr.com/3661/3556307956_bec52e2206.jpg;Joy Formidable
0.875;0;formidable;http://farm4.staticflickr.com/3628/3556305390_37d1ba3a24.jpg;Joy Formidable
0.875;0;formidable;http://farm8.staticflickr.com/7002/6425404413_c76506c25d.jpg;Joy Formidable
0.875;0;formidable;http://farm9.staticflickr.com/8530/8591788356_d83d7e761d_z.jpg;Joy Formidable
0.875;0;formidable;http://farm9.staticflickr.com/8096/8590688573_d7cbf324dc_z.jpg;Joy Formidable
0.875;0;formidable;http://farm9.staticflickr.com/8376/8591788422_f33a96f9c2.jpg;Joy Formidable
0.875;0;formidable;http://farm9.staticflickr.com/8249/8591788814_e2d56efce9_z.jpg;Joy Formidable
0.875;0;jocular;http://farm1.staticflickr.com/127/428292012_7677dde21e_z.jpg?zz=1;jocular
0.875;0;jocular;http://farm4.staticflickr.com/3016/2580899666_989e387290.jpg;Jocular
0.875;0;jocular;http://farm5.staticflickr.com/4058/4627503172_b10de2c612.jpg;Jocular
0.875;0;jocular;http://farm9.staticflickr.com/8384/8616423792_7d672b0bc6.jpg;jocular　ひょうきんなリク
0.875;0;jocular;http://farm6.staticflickr.com/5269/5602384916_af7b3efbed.jpg;The Jocular One
0.875;0;jocular;http://farm4.staticflickr.com/3222/2589342131_37e5728935.jpg;Truth Rules, Jocular, Citizen Soldier
0.875;0;jocular;http://farm4.staticflickr.com/3483/3299740453_17ab6ee7fa.jpg;dj overhead
0.875;0;jocular;http://farm4.staticflickr.com/3205/2900659709_ab31d9ff1c.jpg;jocular
0.875;0;jocular;http://farm1.staticflickr.com/166/423068926_34be1f7d2c.jpg;jocular
0.875;0;jocular;http://farm4.staticflickr.com/3009/2998351823_9be1033a49.jpg;armband or 2
0.875;0;jocular;http://farm8.staticflickr.com/7001/6808536365_e90c57eb43.jpg;jocular homo-erotic manifestation of something much deeper
0.875;0;jocular;http://farm5.staticflickr.com/4022/4386414462_5884142a1c.jpg;Jocular Jinks of Konelia Kinks, Card 5, 1907 - Advertising Postcard
0.875;0;jocular;http://farm3.staticflickr.com/2746/4372170307_a5521f6a86.jpg;Jocular Jinks of Konelia Kinks, Card 4, 1907 - Advertising Postcard
0.875;0;jocular;http://farm3.staticflickr.com/2739/4372924910_79fb8fa70e.jpg;Jocular Jinks of Konelia Kinks, Card 6, 1907 - Advertising Postcard
0.875;0;jocular;http://farm3.staticflickr.com/2694/4372167253_fbe3c32606.jpg;Jocular Jinks of Konelia Kinks, Card 3, 1907 - Advertising Postcard
0.875;0;jocular;http://farm3.staticflickr.com/2752/4372888264_7243d4c520.jpg;Jocular Jinks of Kornleia Kinks, Card 1, 1907 - Advertising Postcard
0.875;0;jocular;http://farm3.staticflickr.com/2548/4040466954_f2d445b42c.jpg;Blanche - Jocular Formation
0.875;0;jocular;http://farm3.staticflickr.com/2313/2178688690_6b0b09915b.jpg;looking glass
0.875;0;jocular;http://farm1.staticflickr.com/72/217583167_5670b2f245.jpg;Linear Sunset
0.875;0;jocular;http://farm4.staticflickr.com/3459/3398247675_0b951a42fd.jpg;Mr. Sparkle is disrespectful of dirt!
0.875;0;jocular;http://farm6.staticflickr.com/5186/5574891128_c09cb72473.jpg;Lend Me a Tenor
0.875;0;jocular;http://farm6.staticflickr.com/5027/5574891448_14f1dba133.jpg;Lend Me a Tenor
0.875;0;jocular;http://farm6.staticflickr.com/5173/5574305247_58581c01dd.jpg;Lend Me a Tenor
0.875;0;jocular;http://farm6.staticflickr.com/5053/5574306275_1533572e61.jpg;The Snappy Trutles Lament 
0.875;0;jocular;http://farm3.staticflickr.com/2234/5809407084_0240744e8d.jpg;*
0.875;0;jocular;http://farm3.staticflickr.com/2156/2233944086_f7fef0a0d5.jpg;Bette and Boo
0.875;0;jocular;http://farm3.staticflickr.com/2538/3867089043_2f2b3f5fa6.jpg;string [how long?]
0.875;0;jocular;http://farm4.staticflickr.com/3652/3630654511_bb9a0b56d8.jpg;jocular
0.875;0;jocular;http://farm4.staticflickr.com/3084/2925971137_c3db80e7c1.jpg;Jocular
0.875;0;jocular;http://farm6.staticflickr.com/5137/5390009825_4b54cc341f.jpg;jocular
0.875;0;jocular;http://farm4.staticflickr.com/3081/2926823460_7a5587c320.jpg;Jocular
0.875;0;jocular;http://farm1.staticflickr.com/114/316731884_03f2e16173.jpg;jocular
0.875;0;jocular;http://farm4.staticflickr.com/3092/2333118788_616b912b13.jpg;JOCULAR
0.875;0;jocular;http://farm7.staticflickr.com/6220/6228504286_03a208bf2a.jpg;Jocular.
0.875;0;jocular;http://farm5.staticflickr.com/4121/4820341133_b6a98ce4ca.jpg;Jocular 
0.875;0;jocular;http://farm4.staticflickr.com/3116/2926823414_fe74fd77db.jpg;Jocular
0.875;0;jocular;http://farm1.staticflickr.com/210/523620631_3a71439409.jpg;jocular
0.875;0;jocular;http://farm4.staticflickr.com/3060/3036703302_23fbe28b42.jpg;Premature Aging
0.875;0;jocular;http://farm4.staticflickr.com/3184/3036679824_fa84451959.jpg;Fuddy Meers Cast
0.875;0;jocular;http://farm3.staticflickr.com/2547/4082283381_8609f0d8f7_z.jpg;salto nel nulla
0.875;0;jocular;http://farm4.staticflickr.com/3042/3035847077_1e01c740d5.jpg;Heir Director
0.875;0;jocular;http://farm5.staticflickr.com/4028/4222443954_f7021fb60d.jpg;Sono sempre voluto entrare in una mia foto
0.875;0;jocular;http://farm4.staticflickr.com/3005/3036670546_bbb1bd209a.jpg;Kenny
0.875;0;jocular;http://farm3.staticflickr.com/2297/2403676615_57a3515904.jpg;Little Shop Cast Photo
0.875;0;jocular;http://farm4.staticflickr.com/3041/3035831025_0d37eff3b8.jpg;Gertie
0.875;0;jocular;http://farm4.staticflickr.com/3053/3035842785_ff3a2907ce.jpg;Millet
0.875;0;jocular;http://farm4.staticflickr.com/3232/3036672272_3e51218cb2.jpg;Richard
0.875;0;jocular;http://farm4.staticflickr.com/3250/3035832799_41e5392084.jpg;Claire
0.875;0;jocular;http://farm4.staticflickr.com/3287/3035834267_85f6055693.jpg;Heidi
0.875;0;jocular;http://farm4.staticflickr.com/3277/3036652010_7ae928c1e6.jpg;Tablecloth
0.875;0;jocular;http://farm4.staticflickr.com/3282/3035801179_3e54edc22f.jpg;Vitruvian Ed
0.875;0;placating;http://farm7.staticflickr.com/6062/6127252072_7eb10da796.jpg;Canada tried to placate Gadhafi in 2009
0.875;0;placating;http://farm1.staticflickr.com/124/339961218_a99edc6b28.jpg;Orpheus placating Cerberus with his song
0.875;0;placating;http://farm2.staticflickr.com/1391/800591497_cbb5063934.jpg;Sergei Placated
0.875;0;placating;http://farm1.staticflickr.com/138/330271050_70577d3bf9.jpg;to placate erin...
0.875;0;placating;http://farm1.staticflickr.com/209/516541902_a2e7c8c2ee.jpg;Mushroom Placating Dog (out of shot)
0.875;0;placating;http://farm5.staticflickr.com/4058/4305773768_2048df9515.jpg;peeled, placed, placated
0.875;0;placating;http://farm1.staticflickr.com/161/403462206_7e08cbce95.jpg;black dog
0.875;0;placating;http://farm9.staticflickr.com/8398/8614377100_de47ee30b2.jpg;Dr. Strangelove (1964) ... FSU News - North Korea should not be a concern --  “Strategic Patience" (Apr. 10, 2013) ...
0.875;0;placating;http://farm9.staticflickr.com/8404/8608362736_7b309fa121.jpg;Remember It's April Fool!
0.875;0;placating;http://farm5.staticflickr.com/4031/4718709244_f02c315935.jpg;The Flickr Police Will Get You. Des Moines, WA 10 June 2010
0.875;0;placating;http://farm1.staticflickr.com/28/94597484_1dd429b9d5.jpg;Placaté palmy
0.875;0;placating;http://farm6.staticflickr.com/5212/5457581668_a311d87978.jpg;using the arm to placate the girl...
0.875;0;placating;http://farm5.staticflickr.com/4030/4681924045_43cf2d163c.jpg;"yoUSAy Placate Live Session" | 6.8.10
0.875;0;placating;http://farm3.staticflickr.com/2442/3552400703_814f636501.jpg;stern
0.875;0;placating;http://farm8.staticflickr.com/7250/7818876184_3e7ed59372.jpg;Paris
0.875;0;placating;http://farm1.staticflickr.com/186/422120945_a703a484b2.jpg;Placate
0.875;0;placating;http://farm9.staticflickr.com/8512/8479975422_712a444053.jpg;placate
0.875;0;placating;http://farm4.staticflickr.com/3082/3246595904_1209dfc720.jpg;Placated.
0.875;0;placating;http://farm3.staticflickr.com/2390/2125741874_d5f6042471.jpg;Placated
0.875;0;placating;http://farm4.staticflickr.com/3241/3030564618_25a755a697.jpg;placate
0.875;0;placating;http://farm4.staticflickr.com/3106/2637327722_7e3f483dce.jpg;placate
0.875;0;placating;http://farm1.staticflickr.com/159/344125520_a407a2fda2.jpg;placated
0.875;0;placating;http://farm3.staticflickr.com/2067/2120949739_d03bffe27d.jpg;Placated
0.875;0;placating;http://farm7.staticflickr.com/6182/6110143401_caf7c7c33c.jpg;Placate
0.875;0;placating;http://farm3.staticflickr.com/2683/4395732435_d34eeed31f.jpg;Preacher
0.875;0;placating;http://farm3.staticflickr.com/2509/3982503269_9c27ce3b61.jpg;L6-80ron
0.875;0;placating;http://farm4.staticflickr.com/3290/3076436891_40ef38cc92.jpg;eat no animals
0.875;0;placating;http://farm5.staticflickr.com/4029/4472994417_aaaa692031.jpg;Familiars Of
0.875;0;placating;http://farm9.staticflickr.com/8222/8442975882_cd6ea23c08.jpg;placate (Brooklyn, U.S.)
0.875;0;placating;http://farm6.staticflickr.com/5215/5505102551_f7ab8d09da_z.jpg;placate.
0.875;0;placating;http://farm9.staticflickr.com/8477/8283857854_8c65329055.jpg;Pøifrèely i závodní speciály. Najdete tu auta pro rally, formule 1 i placaté
0.875;0;placating;http://farm4.staticflickr.com/3659/3660017449_13affe95c0.jpg;Placate.
0.875;0;placating;http://farm4.staticflickr.com/3184/2873113718_7a3e4a42dd.jpg;Placating
0.875;0;placating;http://farm4.staticflickr.com/3465/3961575560_271a349f7d.jpg;Placate.
0.875;0;placating;http://farm4.staticflickr.com/3087/2340564640_9e1716f939.jpg;placate
0.875;0;placating;http://farm4.staticflickr.com/3516/3462121155_9be90a34ec.jpg;PLACATE
0.875;0;placating;http://farm6.staticflickr.com/5294/5420773878_1846c6d39d.jpg;placated
0.875;0;placating;http://farm3.staticflickr.com/2635/3885825316_090d89fc6e.jpg;placate
0.875;0;placating;http://farm4.staticflickr.com/3107/3652420327_4fa306eb22.jpg;Placated
0.875;0;placating;http://farm9.staticflickr.com/8035/8028667637_081d0520db.jpg;placate
0.875;0;placating;http://farm2.staticflickr.com/1030/4603374206_72671bd313.jpg;Placated. 
0.875;0;placating;http://farm4.staticflickr.com/3242/2609064073_b845264253.jpg;placating
0.875;0;placating;http://farm5.staticflickr.com/4020/4580249551_6bee6e0e73_z.jpg;placating
0.875;0;placating;http://farm5.staticflickr.com/4154/5410298629_f96c623a00.jpg;Placate
0.875;0;placating;http://farm6.staticflickr.com/5090/5331475737_41087831c4.jpg;placating
0.875;0;placating;http://farm4.staticflickr.com/3635/3404822647_1dc3294ac6.jpg;PLACATE
0.875;0;placating;http://farm4.staticflickr.com/3590/3432696826_ccb26aba56.jpg;PLACATE
0.875;0;placating;http://farm7.staticflickr.com/6174/6158874634_f6d6624668.jpg;Placate
0.875;0;placating;http://farm3.staticflickr.com/2632/3982502615_c6faebb328.jpg;L42-100ron
0.875;0;placating;http://farm3.staticflickr.com/2674/3983264360_0a54027943.jpg;L41-100ron
0.875;0;placating;http://farm3.staticflickr.com/2428/3982502247_be4d3e3293.jpg;L53-100ron
0.875;0;dignified;http://farm7.staticflickr.com/6093/6212410989_b469ee9c90.jpg;Dignified Transfer --  One click at a time: Base photographer committed to capturing sacred moments (September 30, 2011) ...
0.875;0;dignified;http://farm5.staticflickr.com/4002/4578983055_196cca8c06.jpg;Dignified, Erm, Dancing, Part 2
0.875;0;dignified;http://farm9.staticflickr.com/8303/8009472821_ae4dc0230c.jpg;Dignified Transfer
0.875;0;dignified;http://farm9.staticflickr.com/8034/8002819634_3701004190.jpg;Dignified Transfer
0.875;0;dignified;http://farm9.staticflickr.com/8301/8002820166_76f58a0e7b.jpg;Dignified Transfer
0.875;0;dignified;http://farm9.staticflickr.com/8299/8002815749_e2e06c2e1a.jpg;Dignified Transfer
0.875;0;dignified;http://farm9.staticflickr.com/8460/8002823200_04a88cdfb0.jpg;Dignified Transfer
0.875;0;dignified;http://farm7.staticflickr.com/6038/6312143492_bb55cac109.jpg;Dignified Transfer -- Army Sgt. 1st Class David G. Robinson (November 3, 2011) ...item 2.. Red White and Blue, Military Tribute -- Lynyrd Skynyrd  ...
0.875;0;dignified;http://farm4.staticflickr.com/3256/5867771426_4ab554f2e3.jpg;Dignified Transfer ... Dover Air Force Base (June 22, 2011) ...item 4.. The Moody Blues - On The Threshold Of A Dream 1969 FULL ALBUM (HD) ...
0.875;0;dignified;http://farm4.staticflickr.com/3650/3575307038_d62e67965c.jpg;Dignified Transfer of Remains
0.875;0;dignified;http://farm4.staticflickr.com/3316/4610188290_2e9ff7ba3d.jpg;The statue is called "Dignified Resignation" 0513101521BW
0.875;0;dignified;http://farm1.staticflickr.com/6/5947318_84d15165e9.jpg;Dignified
0.875;0;dignified;http://farm9.staticflickr.com/8438/7744911090_aa5e4d5feb.jpg;Dignified
0.875;0;dignified;http://farm7.staticflickr.com/6123/6017947500_3481323257.jpg;dignified
0.875;0;dignified;http://farm4.staticflickr.com/3385/3413151435_68703c0b7d.jpg;Dignified
0.875;0;dignified;http://farm6.staticflickr.com/5046/5348260390_ba6eef5f94.jpg;Dignified
0.875;0;dignified;http://farm8.staticflickr.com/7208/7026351631_a2e5c6da0b.jpg;Dignified
0.875;0;dignified;http://farm1.staticflickr.com/228/495164452_3e9348ea9d.jpg;Dignified rabbit
0.875;0;dignified;http://farm4.staticflickr.com/3202/2705451859_20ec2d946c.jpg;Dignified Album Cover
0.875;0;dignified;http://farm5.staticflickr.com/4112/5082123537_9a4bbf21e6.jpg;Dignified_Perkins
0.875;0;dignified;http://farm3.staticflickr.com/2593/4021090113_faa97daa14.jpg;DIGNIFIED TIGER
0.875;0;dignified;http://farm1.staticflickr.com/77/158894736_7c27db6c97.jpg;Dignified
0.875;0;dignified;http://farm3.staticflickr.com/2561/4225921406_eff3b78b53.jpg;Dignified
0.875;0;dignified;http://farm9.staticflickr.com/8311/8002817257_e62078ebab.jpg;Dignified Transfer
0.875;0;dignified;http://farm9.staticflickr.com/8445/8002815351_d440a1be64.jpg;Dignified Transfer
0.875;0;dignified;http://farm9.staticflickr.com/8314/8002821226_0757c3d002.jpg;Dignified Transfer
0.875;0;dignified;http://farm9.staticflickr.com/8180/8002822684_12d1120ae5.jpg;Dignified Transfer
0.875;0;dignified;http://farm9.staticflickr.com/8453/8002822182_e29ea9e4bd.jpg;Dignified Transfer
0.875;0;dignified;http://farm9.staticflickr.com/8180/8002818542_3db2a7a975.jpg;Dignified Transfer
0.875;0;dignified;http://farm9.staticflickr.com/8033/8002822430_4d47cd6362.jpg;Dignified Transfer
0.875;0;dignified;http://farm9.staticflickr.com/8443/8002817743_b271081535.jpg;Dignified Transfer
0.875;0;dignified;http://farm9.staticflickr.com/8181/8002823910_9235670a4e.jpg;Dignified Transfer
0.875;0;dignified;http://farm3.staticflickr.com/2784/4058288551_193a3e7f42_z.jpg?zz=1;Dignified Transfer
0.875;0;dignified;http://farm2.staticflickr.com/1124/1172439936_3fea3a10a8.jpg;Dignified Kitty has a Middle Part
0.875;0;dignified;http://farm1.staticflickr.com/82/233200605_7ffa9640e3.jpg;My first (self) mastered Techno album, "Dilute the Dignified", by me 2005
0.875;0;dignified;http://farm7.staticflickr.com/6151/6168820426_d5050ae4ae.jpg;Dignity-Gift of Life- Everyone has a right to a dignified life 
0.875;0;dignified;http://farm1.staticflickr.com/222/484477533_5fcd123662.jpg;Dignified?
0.875;0;dignified;http://farm5.staticflickr.com/4084/4984290988_02aa2913ff.jpg;dignified
0.875;0;dignified;http://farm6.staticflickr.com/5143/5589112098_6ac3c52d20_z.jpg;Dignified
0.875;0;dignified;http://farm4.staticflickr.com/3025/2647276807_8267c95545.jpg;Dignified
0.875;0;dignified;http://farm3.staticflickr.com/2224/2104819300_7d1aa98326.jpg;dignified
0.875;0;dignified;http://farm9.staticflickr.com/8164/7681962046_55dd1dd844.jpg;Dignified Red
0.875;0;dignified;http://farm2.staticflickr.com/1215/543948555_e9a0323c52.jpg;dignified
0.875;0;dignified;http://farm4.staticflickr.com/3094/3179567117_300cf180c8.jpg;Dignified cat is dignified.
0.875;0;dignified;http://farm1.staticflickr.com/45/166487692_fa488fde7f.jpg;dignified
0.875;0;dignified;http://farm3.staticflickr.com/2647/5771373379_4d616659b5.jpg;dignified
0.875;0;dignified;http://farm4.staticflickr.com/3513/3809603386_7b021acdd0.jpg;Dignified
0.875;0;dignified;http://farm1.staticflickr.com/125/398490345_4ce649e84a.jpg;Dignified
0.875;0;dignified;http://farm3.staticflickr.com/2155/2059091764_854a71dd69.jpg;Dignified
0.875;0;dignified;http://farm2.staticflickr.com/1084/537265360_e390e52fb4.jpg;dignified
0.875;0;dignified;http://farm2.staticflickr.com/1086/1009399692_fba3ae8e9a.jpg;Dignified
0.75;0;fortunate;http://farm5.staticflickr.com/4025/4486447006_d3140ca773.jpg;the fortunate generation...
0.75;0;fortunate;http://farm4.staticflickr.com/3411/3615300920_828e58bf83.jpg;Fortunate
0.75;0;fortunate;http://farm5.staticflickr.com/4038/4579509213_d803f58ca3_z.jpg;"Chin Held High" - Fortunate Prospect
0.75;0;fortunate;http://farm5.staticflickr.com/4136/4771197443_1ea07834b1.jpg;Fortunate Szondi
0.75;0;fortunate;http://farm5.staticflickr.com/4039/4380882276_b170d66604.jpg;Fortunate World
0.75;0;fortunate;http://farm3.staticflickr.com/2637/4099440153_03f2bb79e7.jpg;Fortunate Son
0.75;0;fortunate;http://farm4.staticflickr.com/3180/2607945699_f7e38f9015.jpg;Fortunate Productions Headshot
0.75;0;fortunate;http://farm2.staticflickr.com/1017/594232524_618f776586.jpg;Fortunate Prospect, I
0.75;0;fortunate;http://farm8.staticflickr.com/7108/7055549619_87ea522925_z.jpg;Fortunate Son by Creedence Clearwater Revival
0.75;0;fortunate;http://farm9.staticflickr.com/8448/7919855274_1af77acbd2.jpg;Fortunate Holders - SMR
0.75;0;fortunate;http://farm2.staticflickr.com/1251/594020849_84dd63bef0.jpg;Fortunate Prospect, II
0.75;0;fortunate;http://farm2.staticflickr.com/1147/593791997_75607de0b6.jpg;Petting Fortunate Prospect
0.75;0;fortunate;http://farm3.staticflickr.com/2408/2442968698_fb14f7cf61.jpg;Le isole fortunate
0.75;0;fortunate;http://farm2.staticflickr.com/1031/1323209873_89e1664532.jpg;PAW week 12; Creedence Clearwater Revival - Fortunate son
0.75;0;fortunate;http://farm7.staticflickr.com/6129/5936331379_f2227980cb.jpg;Fortunate
0.75;0;fortunate;http://farm6.staticflickr.com/5147/5614584103_295a151600_z.jpg;Fortunate...
0.75;0;fortunate;http://farm1.staticflickr.com/201/491863287_0a708b77bc.jpg;fortunate
0.75;0;fortunate;http://farm1.staticflickr.com/31/59663683_411dc3acee.jpg;Fortunate Stickler
0.75;0;fortunate;http://farm3.staticflickr.com/2430/3867471802_337d4a6f13.jpg;Fortunate
0.75;0;fortunate;http://farm4.staticflickr.com/3034/2973776406_dec3cc4f45.jpg;Fortunate
0.75;0;fortunate;http://farm9.staticflickr.com/8458/8063509871_3f51195739.jpg;Fortunate Son
0.75;0;fortunate;http://farm7.staticflickr.com/6042/5900510178_5308ba837b.jpg;Fortunate son
0.75;0;fortunate;http://farm5.staticflickr.com/4002/4657552873_cd4dd385c4.jpg;Fortunate Fool
0.75;0;fortunate;http://farm9.staticflickr.com/8262/8662838602_4fb9346c7f_z.jpg;Fortunate Fish or Harmony
0.75;0;fortunate;http://farm4.staticflickr.com/3229/2686905163_2fbc49e417_z.jpg?zz=1;Fortunate Objects Entrance
0.75;0;fortunate;http://farm4.staticflickr.com/3642/3329510539_f16a1613ae_z.jpg;Fortunate Wheelz Side1
0.75;0;fortunate;http://farm4.staticflickr.com/3374/3330344822_8275eda24a_z.jpg;Fortunate Wheelz Front
0.75;0;fortunate;http://farm6.staticflickr.com/5106/5752795819_f6e2de36a5.jpg;Fortunate-self Defies Logic, He Dream.
0.75;0;fortunate;http://farm1.staticflickr.com/29/41229424_d7910c9170.jpg;Most fortunate
0.75;0;fortunate;http://farm5.staticflickr.com/4154/5220709916_cdfec6d3f1.jpg;Less fortunate
0.75;0;fortunate;http://farm6.staticflickr.com/5185/5640990681_a4149c637e.jpg;the fortunate fool
0.75;0;fortunate;http://farm2.staticflickr.com/1363/755912524_53fb2edd96.jpg;Day 65: How Fortunate
0.75;0;fortunate;http://farm6.staticflickr.com/5020/5544186327_bb8edf338d.jpg;All.About.Me- Fortunate
0.75;0;fortunate;http://farm9.staticflickr.com/8308/7873872672_758ad544e0_h.jpg;Yacht Fortunate Sun   (ex: Perfect Prescription) - Porto di Trieste
0.75;0;fortunate;http://farm4.staticflickr.com/3627/3344834843_8eb9668819.jpg;Day 101 - Fortunate indeed, is the man who takes exactly the right measure of himself, and holds a just balance between what he can acquire and what he can use.
0.75;0;fortunate;http://farm3.staticflickr.com/2082/2316626017_553dd78f17.jpg;Aqsa smiling (She is a real charmer) "Less fortunate citizens series"
0.75;0;fortunate;http://farm1.staticflickr.com/30/65633042_41d4b37ba7.jpg;And now for something completely different
0.75;0;fortunate;http://farm4.staticflickr.com/3320/3299528080_da4bc6ee63.jpg;fortunate!!!
0.75;0;fortunate;http://farm7.staticflickr.com/6027/5954213903_7b57f3fedf.jpg;ARGOSY Weekly -- March 11, 1939 ...item 4.. When Disaster Strikes -- Will Recant, son of Holocaust survivors (June 21, 2012 / 1 Tammuz 5772) ...
0.75;0;fortunate;http://farm4.staticflickr.com/3452/3224938615_0325b4372e.jpg;"Fortune" 365 days photo 117
0.75;0;fortunate;http://farm4.staticflickr.com/3127/2367414313_d49068d7ec.jpg;fortune-misfortune
0.75;0;fortunate;http://farm6.staticflickr.com/5259/5418027577_57a2bc74a4.jpg;Fortunate sons
0.75;0;fortunate;http://farm8.staticflickr.com/7042/6909105485_d83a8c8644.jpg;CCR
0.75;0;fortunate;http://farm5.staticflickr.com/4126/4996145849_54979cd5f0.jpg;Day Two Hundred Thirty Seven
0.75;0;fortunate;http://farm3.staticflickr.com/2050/2124085029_87455d235e.jpg;TORRE ARCHIRAFI    PC172586
0.75;0;fortunate;http://farm5.staticflickr.com/4133/4977352937_4871316502.jpg;Fortunate Son
0.75;0;fortunate;http://farm3.staticflickr.com/2266/2077922636_1220f921d6.jpg;TORRE ARCHIRAFI - NEAR RIPOSTO CITY    PC12315
0.75;0;fortunate;http://farm4.staticflickr.com/3158/4562649901_4e0d893901.jpg;Fortunate Prospect
0.75;0;fortunate;http://farm8.staticflickr.com/7143/6854435377_12c1e879b6.jpg;Fortunate One
0.75;0;fortunate;http://farm4.staticflickr.com/3148/3072093999_5e044e030d.jpg;Day 178: No Place Like It
0.75;0;fortunate;http://farm8.staticflickr.com/7150/6785803073_a955cfb079.jpg;Fortunate
0.75;0;courteous;http://farm3.staticflickr.com/2470/3592734586_f2143cb88f.jpg;Courteous Mass, Critical Manners
0.75;0;courteous;http://farm9.staticflickr.com/8071/8327481810_4d5c16aed9.jpg;Courteous & Kind
0.75;0;courteous;http://farm3.staticflickr.com/2363/4510826763_8dbb93a408.jpg;Courteous Mass Philly
0.75;0;courteous;http://farm4.staticflickr.com/3626/3538147340_7ef44c553b.jpg;A Scout Is Helpful, Friendly, Courteous, Kind
0.75;0;courteous;http://farm8.staticflickr.com/7083/7269938872_054bf154f8_z.jpg;Be Courteous at Lake Barkley Boat Ramps
0.75;0;courteous;http://farm1.staticflickr.com/53/142961640_0e33cc0426.jpg;Courteous
0.75;0;courteous;http://farm4.staticflickr.com/3214/3072884989_94e293e19f.jpg;two mistakes, one sign
0.75;0;courteous;http://farm3.staticflickr.com/2157/2166624302_5d8e51e08f.jpg;Courteous Spammer
0.75;0;courteous;http://farm2.staticflickr.com/1132/1234901956_d7b226c79c_z.jpg;Courteous Service
0.75;0;courteous;http://farm5.staticflickr.com/4021/4510832165_040c2f479c.jpg;Courteous Mass Philly
0.75;0;courteous;http://farm5.staticflickr.com/4062/4510844893_1d925e06c0.jpg;Courteous Mass Philly
0.75;0;courteous;http://farm3.staticflickr.com/2697/4511469092_30f8119b0a.jpg;Courteous Mass Philly
0.75;0;courteous;http://farm3.staticflickr.com/2067/4511466962_2ea2def37a.jpg;Courteous Mass Philly
0.75;0;courteous;http://farm3.staticflickr.com/2304/4511480758_16bb385b1b.jpg;Courteous Mass Philly
0.75;0;courteous;http://farm5.staticflickr.com/4007/4510827357_914f517355.jpg;Courteous Mass Philly
0.75;0;courteous;http://farm5.staticflickr.com/4064/4510835701_3e70515b83.jpg;Courteous Mass Philly
0.75;0;courteous;http://farm3.staticflickr.com/2130/4510836887_607b914bd9.jpg;Courteous Mass Philly
0.75;0;courteous;http://farm3.staticflickr.com/2064/4511482360_d0e8342301.jpg;Courteous Mass Philly
0.75;0;courteous;http://farm3.staticflickr.com/2114/4511468100_59a1bfb846.jpg;Courteous Mass Philly
0.75;0;courteous;http://farm3.staticflickr.com/2169/4511481354_13a73e3f18.jpg;Courteous Mass Philly
0.75;0;courteous;http://farm3.staticflickr.com/2754/5697342813_e8cf4d6113.jpg;Courteous Mass_Come Ride with Us
0.75;0;courteous;http://farm3.staticflickr.com/2047/4510833517_3f1b30fdd2.jpg;Courteous Mass Philly
0.75;0;courteous;http://farm9.staticflickr.com/8478/8201415820_bdcbf08760.jpg;Courteous, Senior Superlatives, Henderson Institute, 1964
0.75;0;courteous;http://farm5.staticflickr.com/4107/4835123944_3066ac56e8.jpg;Be Courteous
0.75;0;courteous;http://farm1.staticflickr.com/65/206311946_e9e9f90160.jpg;A Scout is Courteous
0.75;0;courteous;http://farm9.staticflickr.com/8068/8203985318_18bd90a9a3.jpg;Most Courteous, Senior Superlatives, Jordan Sellars High School, Burlington, NC, 1961
0.75;0;courteous;http://farm3.staticflickr.com/2474/3899306006_47c6c6aa76.jpg;Be Courteous Share the Road
0.75;0;courteous;http://farm5.staticflickr.com/4104/5033351913_91961c4821.jpg;Be Courteous Share the Road
0.75;0;courteous;http://farm9.staticflickr.com/8201/8250509492_72cf52047e_z.jpg;Most Courteous, Senior Superlatives, Brevard High School, 1959
0.75;0;courteous;http://farm4.staticflickr.com/3077/2681018732_d667774b19.jpg;July Atlanta Courteous Mass 063
0.75;0;courteous;http://farm7.staticflickr.com/6062/6131303563_9ae58529f1.jpg;Dream - Sir John Gilbert - (3.1.146) Be kind and courteous to this gentleman
0.75;0;courteous;http://farm2.staticflickr.com/1316/990035000_55b942034d.jpg;Zürich – Sicherheit durch Höflichsein
0.75;0;courteous;http://farm6.staticflickr.com/5057/5465305209_aaba7a4d09.jpg;Share the Road sign
0.75;0;courteous;http://farm1.staticflickr.com/41/85007945_2583a84a5f.jpg;Lord Lichfield (1939 - 2005)
0.75;0;courteous;http://farm1.staticflickr.com/98/225582625_2835b92860.jpg;2006AUG270909
0.75;0;courteous;http://farm5.staticflickr.com/4052/4613123248_2b4d91e750.jpg;"be prepared"
0.75;0;courteous;http://farm7.staticflickr.com/6018/5972095159_8dfcb1e78e.jpg;99 Names of Allah
0.75;0;courteous;http://farm8.staticflickr.com/7139/6861458320_9b0b59853b.jpg;Dick moves ranked
0.75;0;courteous;http://farm3.staticflickr.com/2242/2429749927_79fbb10f64.jpg;Nobscot 4.20.08 - Courteous
0.75;0;courteous;http://farm1.staticflickr.com/165/346797849_d8971cc3b0.jpg;Courteous Ave
0.75;0;courteous;http://farm5.staticflickr.com/4018/4510838857_615c2168be.jpg;Courteous Mass Philly
0.75;0;courteous;http://farm6.staticflickr.com/5010/5382129461_33feb135f5.jpg;A courteous Gentleman
0.75;0;courteous;http://farm3.staticflickr.com/2246/1573199168_aad68c706e.jpg;The Wonderfully Courteous Gentlemen - Louisiana
0.75;0;courteous;http://farm3.staticflickr.com/2258/1573199118_77cb569cf0.jpg;The Wonderfully Courteous Gentlemen - Louisiana
0.75;0;courteous;http://farm3.staticflickr.com/2270/1573199350_2350d46124.jpg;The Wonderfully Courteous Gentlemen - Louisiana
0.75;0;courteous;http://farm3.staticflickr.com/2142/1573199230_f9345c44ac.jpg;The Wonderfully Courteous Gentlemen - Louisiana
0.75;0;courteous;http://farm3.staticflickr.com/2335/1573199294_524587594e.jpg;The Wonderfully Courteous Gentlemen - Louisiana
0.75;0;courteous;http://farm9.staticflickr.com/8178/7976800208_7a30399a39.jpg;Be courteous. 1970's School Poster
0.75;0;courteous;http://farm9.staticflickr.com/8026/7261208870_b7795db54e.jpg;Cyclists give way and be courteous
0.75;0;courteous;http://farm9.staticflickr.com/8323/8102840257_6161b399b3.jpg;Sign on UIUC campus imploring bike riders to be more courteous and less dangerous
0.75;0;courteous;http://farm9.staticflickr.com/8027/7263933344_9e2944c00f.jpg;pleasebecourteous
0.75;0;serendipity;http://farm4.staticflickr.com/3078/2312502297_4048113281.jpg;serendipity
0.75;0;serendipity;http://farm3.staticflickr.com/2425/3611049662_2652d1d9fa.jpg;Serendipity Holiday Country House in Antalya
0.75;0;serendipity;http://farm2.staticflickr.com/1195/955743894_dc3ce79acc.jpg;serendipity: honestidad?
0.75;0;serendipity;http://farm1.staticflickr.com/60/206360340_6395bf9ad2_z.jpg;serendipity IRL
0.75;0;serendipity;http://farm4.staticflickr.com/3561/3611082166_170bbe55ea.jpg;Antalya Hotel - Serendipity Holiday Country House
0.75;0;serendipity;http://farm1.staticflickr.com/83/206990735_c32f50a018.jpg;Serendipity
0.75;0;serendipity;http://farm3.staticflickr.com/2551/3947749742_71ee3c041d.jpg;Serendipity
0.75;0;serendipity;http://farm9.staticflickr.com/8239/8552561464_f9f11f03d0.jpg;Serendipity
0.75;0;serendipity;http://farm9.staticflickr.com/8470/8381015893_9fe4a140f2_c.jpg;~Serendipity~
0.75;0;serendipity;http://farm7.staticflickr.com/6087/6124349718_c88efe62f3_z.jpg;Serendipity 3
0.75;0;serendipity;http://farm7.staticflickr.com/6204/6124349622_8db5e065b2.jpg;Serendipity 3
0.75;0;serendipity;http://farm7.staticflickr.com/6209/6123808865_d3f55b8055.jpg;Serendipity 3
0.75;0;serendipity;http://farm7.staticflickr.com/6183/6124349704_d452ede3e7.jpg;Serendipity 3
0.75;0;serendipity;http://farm7.staticflickr.com/6199/6123808999_f0eda917cd.jpg;Serendipity 3
0.75;0;serendipity;http://farm7.staticflickr.com/6082/6124349642_6978992fbb.jpg;Serendipity 3
0.75;0;serendipity;http://farm7.staticflickr.com/6078/6123808913_d1aa614890.jpg;Serendipity 3
0.75;0;serendipity;http://farm9.staticflickr.com/8131/8914645589_9c5aaf4d06_z.jpg;serendipity III
0.75;0;serendipity;http://farm9.staticflickr.com/8236/8572889001_a8839fb702.jpg;Serendipity
0.75;0;serendipity;http://farm2.staticflickr.com/1359/542778675_91e09728aa.jpg;Serendipity
0.75;0;serendipity;http://farm4.staticflickr.com/3352/3211232401_d6037ca36c.jpg;Serendipity
0.75;0;serendipity;http://farm3.staticflickr.com/2747/4270172747_c30516f988.jpg;Serendipity
0.75;0;serendipity;http://farm5.staticflickr.com/4045/4475482096_a8552bd5ea.jpg;serendipity 1
0.75;0;serendipity;http://farm3.staticflickr.com/2159/2533421325_28842c0fbc.jpg;Serendipity 3
0.75;0;serendipity;http://farm2.staticflickr.com/1203/1391635739_6303e36a33.jpg;Serendipity
0.75;0;serendipity;http://farm3.staticflickr.com/2730/4534713364_0c700c87df.jpg;*....Serendipity ....*
0.75;0;serendipity;http://farm6.staticflickr.com/5261/5657355466_18d679ed4a.jpg;Serendipity
0.75;0;serendipity;http://farm4.staticflickr.com/3572/3452566002_7a7d8bee7f.jpg;Serendipity
0.75;0;serendipity;http://farm3.staticflickr.com/2758/4401032607_6af5ca573b.jpg;Serendipity
0.75;0;serendipity;http://farm6.staticflickr.com/5298/5569331760_b5124dbf60.jpg;Serendipity Galore
0.75;0;serendipity;http://farm8.staticflickr.com/7057/6842265800_6cb9e7b848.jpg;Serendipity 
0.75;0;serendipity;http://farm3.staticflickr.com/2007/1799272343_15660fb0c6.jpg;Serendipity
0.75;0;serendipity;http://farm5.staticflickr.com/4068/4540472110_8592192838.jpg;Serendipity Beach
0.75;0;serendipity;http://farm7.staticflickr.com/6092/6369256109_410073c99b.jpg;Serendipity Beach
0.75;0;serendipity;http://farm1.staticflickr.com/45/223885236_2f1da4ce0b.jpg;Serendipity M.R.I
0.75;0;serendipity;http://farm1.staticflickr.com/22/24317702_f50e93f986.jpg;Serendipity
0.75;0;serendipity;http://farm2.staticflickr.com/1029/903676786_cf4c3ee9f5.jpg;Serendipity.
0.75;0;serendipity;http://farm3.staticflickr.com/2058/2457015825_bb9a4feb36.jpg;May 1st  - Serendipity Business Literature
0.75;0;serendipity;http://farm5.staticflickr.com/4007/4674987832_015cbce706.jpg;SERENDIPITY
0.75;0;serendipity;http://farm1.staticflickr.com/55/116560390_062e558dbb.jpg;Serendipity
0.75;0;serendipity;http://farm1.staticflickr.com/97/246663060_9cb9a49d9b.jpg;Serendipity
0.75;0;serendipity;http://farm2.staticflickr.com/1439/954890363_45f211e67c.jpg;serendipity: tierra ella
0.75;0;serendipity;http://farm2.staticflickr.com/1233/954889353_7c0c1cb2da.jpg;serendipity: atada al corazón
0.75;0;serendipity;http://farm6.staticflickr.com/5102/5571543520_997dbc2d4e.jpg;Serendipity
0.75;0;serendipity;http://farm6.staticflickr.com/5046/5643208208_85812a5585.jpg;Serendipity
0.75;0;serendipity;http://farm2.staticflickr.com/1271/1074050426_617cc24037.jpg;serendipity (custom work)
0.75;0;serendipity;http://farm6.staticflickr.com/5168/5204222100_bd0cafc66e.jpg;Serendipity at it's finest.....
0.75;0;serendipity;http://farm7.staticflickr.com/6230/6221508175_9a3e2e8cf8.jpg;Serendipity
0.75;0;serendipity;http://farm1.staticflickr.com/97/219635366_8f0a6ee0e6.jpg;Serendipity
0.75;0;serendipity;http://farm4.staticflickr.com/3372/3598753147_9db13437c6.jpg;Serendipity
0.75;0;serendipity;http://farm7.staticflickr.com/6068/6124349740_040d4986e1.jpg;Serendipity 3
0.75;0;serendipity;http://farm6.staticflickr.com/5446/8915237882_b1e49666e1_z.jpg;serendipity III
0.75;0;wonderful;http://farm5.staticflickr.com/4104/5187115708_fe189528a4.jpg;Bed of wonderful water, Sunset on Crosby beach, Explored!
0.75;0;wonderful;http://farm8.staticflickr.com/7196/6957023219_bbffca04f3.jpg;65/366 - The Wonderful Barn
0.75;0;wonderful;http://farm1.staticflickr.com/122/280465588_9386d4aca9.jpg;A wonderful day as bright as a day has ever been
0.75;0;wonderful;http://farm3.staticflickr.com/2696/4281969127_cca1548bed.jpg;Wonderful Wallaby with cable owls
0.75;0;wonderful;http://farm8.staticflickr.com/7392/9062340517_80a5f30494.jpg;Wonderful Pistachios, 32-Ounce Bag! Order at http://www.amazon.com/Wonderful-Pistachios-32-Ounce-Bag/dp/B003P7ZMXA/ref=zg_bs_16310221_6?tag=bestmacros-20
0.75;0;wonderful;http://farm4.staticflickr.com/3613/3427326823_1c7ececdef_z.jpg?zz=1;wonderful world 
0.75;0;wonderful;http://farm4.staticflickr.com/3388/3221623089_dd18e4f4f4.jpg;Wonderful Day
0.75;0;wonderful;http://farm5.staticflickr.com/4107/5168013432_49e02c7f72.jpg;Wonderful Life..
0.75;0;wonderful;http://farm4.staticflickr.com/3410/3318632569_2968bd5f1b.jpg;Wonderful Barn
0.75;0;wonderful;http://farm4.staticflickr.com/3268/2600907325_6271316ec7_z.jpg;~ Wonderful ~
0.75;0;wonderful;http://farm6.staticflickr.com/5480/9064056873_6c6baa276f_z.jpg;wonderful girl image
0.75;0;wonderful;http://farm8.staticflickr.com/7366/9066289504_cf4fe7fb88.jpg;wonderful girl image
0.75;0;wonderful;http://farm3.staticflickr.com/2845/9064061731_4182dd9577.jpg;wonderful girl image
0.75;0;wonderful;http://farm6.staticflickr.com/5529/9064067541_8444afed9a.jpg;wonderful girl image
0.75;0;wonderful;http://farm4.staticflickr.com/3705/9066382794_c364c66066.jpg;wonderful girl image
0.75;0;wonderful;http://farm4.staticflickr.com/3771/9066286886_ce34002145.jpg;wonderful girl image
0.75;0;wonderful;http://farm4.staticflickr.com/3691/9066290274_919196236b.jpg;wonderful girl image
0.75;0;wonderful;http://farm8.staticflickr.com/7355/9066278686_7466e07032.jpg;wonderful girl image
0.75;0;wonderful;http://farm4.staticflickr.com/3233/3131408767_6f2624231c.jpg;...Wonderful tonight
0.75;0;wonderful;http://farm8.staticflickr.com/7455/9066066236_6164534ec0.jpg;wonderful cute girl image
0.75;0;wonderful;http://farm8.staticflickr.com/7453/9066068650_80d94df38e.jpg;wonderful cute girl image
0.75;0;wonderful;http://farm8.staticflickr.com/7391/9063855599_4cc0ee3667.jpg;wonderful cute girl image
0.75;0;wonderful;http://farm6.staticflickr.com/5525/9063843847_ec3111da8a.jpg;wonderful cute girl image
0.75;0;wonderful;http://farm3.staticflickr.com/2820/9066083748_154ed61b50.jpg;wonderful cute girl image
0.75;0;wonderful;http://farm6.staticflickr.com/5542/9066067044_aa1234ef4a.jpg;wonderful cute girl image
0.75;0;wonderful;http://farm3.staticflickr.com/2809/9063845855_4f995e5ea9.jpg;wonderful cute girl image
0.75;0;wonderful;http://farm8.staticflickr.com/7342/9063747915_c383ac95aa.jpg;wonderful women picture
0.75;0;wonderful;http://farm6.staticflickr.com/5336/9063702183_ba83bdf7c2_z.jpg;wonderful women picture
0.75;0;wonderful;http://farm4.staticflickr.com/3762/9065940380_c1990d3bde.jpg;wonderful women picture
0.75;0;wonderful;http://farm4.staticflickr.com/3767/9065945234_e8aacfce2a.jpg;wonderful women picture
0.75;0;wonderful;http://farm9.staticflickr.com/8499/8271030002_2ffa1ab207.jpg;Wonderful, Wonderful
0.75;0;wonderful;http://farm9.staticflickr.com/8150/7164857663_5173868eef.jpg;Wonderful Day!
0.75;0;wonderful;http://farm9.staticflickr.com/8047/8135710470_efd8316575.jpg;Wonderful Copenhagen_048
0.75;0;wonderful;http://farm6.staticflickr.com/5456/9046590699_b3a7d6888d.jpg;wonderful pretty girl image
0.75;0;wonderful;http://farm6.staticflickr.com/5444/9063786707_f7aceb5871.jpg;wonderful hollywood actor image
0.75;0;wonderful;http://farm4.staticflickr.com/3732/9063780677_f20b75372c_z.jpg;wonderful hollywood actor image
0.75;0;wonderful;http://farm6.staticflickr.com/5500/9063806225_47ff20e776.jpg;wonderful hollywood actor image
0.75;0;wonderful;http://farm8.staticflickr.com/7409/9046591427_5582c3ed95.jpg;wonderful pretty girl image
0.75;0;wonderful;http://farm8.staticflickr.com/7343/9063804375_a203877fae_z.jpg;wonderful hollywood actor image
0.75;0;wonderful;http://farm6.staticflickr.com/5471/9066008170_af6dd04367.jpg;wonderful hollywood actor image
0.75;0;wonderful;http://farm6.staticflickr.com/5443/9046597257_2b97c2f3f8.jpg;wonderful pretty girl image
0.75;0;wonderful;http://farm8.staticflickr.com/7457/9066000234_af930aec1e.jpg;wonderful hollywood actor image
0.75;0;wonderful;http://farm8.staticflickr.com/7407/9063788553_ace016bf0f.jpg;wonderful hollywood actor image
0.75;0;wonderful;http://farm8.staticflickr.com/7298/9048821126_a2cf4b927b.jpg;wonderful pretty girl image
0.75;0;wonderful;http://farm4.staticflickr.com/3680/9040802668_02f3d06043.jpg;wonderful image
0.75;0;wonderful;http://farm3.staticflickr.com/2832/9038613637_a385a8f934.jpg;wonderful image
0.75;0;wonderful;http://farm4.staticflickr.com/3707/9038601489_c03b436d23.jpg;wonderful image
0.75;0;wonderful;http://farm3.staticflickr.com/2888/9038609117_c010665ca1.jpg;wonderful image
0.75;0;wonderful;http://farm6.staticflickr.com/5476/9038228737_488228e5fe.jpg;wonderful baby image
0.75;0;wonderful;http://farm6.staticflickr.com/5442/9040445488_357c9c9aff.jpg;wonderful baby image
0.75;0;wonderful;http://farm8.staticflickr.com/7406/9040438932_61db3cf8ef.jpg;wonderful baby image
0.75;0;lucky;http://farm4.staticflickr.com/3057/2747440692_e6dd4e1767.jpg;Lucky Cloud
0.75;0;lucky;http://farm1.staticflickr.com/42/92377301_d3f9e06c02.jpg;Luke and Lucky
0.75;0;lucky;http://farm4.staticflickr.com/3043/2956687353_3ef24963d2.jpg;Lucky Shot?? Lucky Strike??
0.75;0;lucky;http://farm5.staticflickr.com/4025/4574527758_6c8c4d6b13.jpg;365-308 Lucky Petes, Simply The Best Chippy In Winnington
0.75;0;lucky;http://farm4.staticflickr.com/3218/2752247990_b3fa644d84.jpg;Sorte ! Good Lucky !
0.75;0;lucky;http://farm2.staticflickr.com/1204/1439017699_19168aacfd.jpg;Lucky Cup Coffee
0.75;0;lucky;http://farm5.staticflickr.com/4033/4527098912_35c2dd0338_z.jpg;Lucky Dip Collab Project
0.75;0;lucky;http://farm4.staticflickr.com/3459/3196513553_ab584c967b.jpg;Lucky Candy 利是糖
0.75;0;lucky;http://farm1.staticflickr.com/194/499675185_ff1819e0d8.jpg;Lucky Soul on Banshee player
0.75;0;lucky;http://farm3.staticflickr.com/2659/4186807312_f9b5244865.jpg;Lucky Supermarket San Jose CA
0.75;0;lucky;http://farm4.staticflickr.com/3132/3123700508_18d2844244.jpg;LUCKY STRIKE, GIRL IN RED"
0.75;0;lucky;http://farm4.staticflickr.com/3458/3923534971_cfdeeb4571.jpg;lucky stars in the making
0.75;0;lucky;http://farm4.staticflickr.com/3289/3134472299_5ee7d99c9b.jpg;Origami lucky star
0.75;0;lucky;http://farm1.staticflickr.com/95/240399973_5d62aee02f.jpg;The lucky pig goes car camping.
0.75;0;lucky;http://farm4.staticflickr.com/3232/2830237687_0453c6ff01.jpg;Lucky: you are right Mees, we are simply being ignored!
0.75;0;lucky;http://farm2.staticflickr.com/1046/770647391_4c24d444e2.jpg;FAA Blue Lucky Parcels - Sending
0.75;0;lucky;http://farm1.staticflickr.com/109/278392200_71cdb60c2d.jpg;Everyones Lucky number
0.75;0;lucky;http://farm3.staticflickr.com/2073/2330488497_6cf2f54039.jpg;lucky_charms_doll.jpg
0.75;0;lucky;http://farm3.staticflickr.com/2474/5731899363_d7e413aec7.jpg;Feeling "Lucky Cats"
0.75;0;lucky;http://farm8.staticflickr.com/7045/6959519529_414e222017.jpg;Lounging Lucky
0.75;0;lucky;http://farm5.staticflickr.com/4017/4344899947_e2257365c4.jpg;a.k.a. Lucky The Clown
0.75;0;lucky;http://farm3.staticflickr.com/2325/2503018589_04473e8d51.jpg;Lucky Sleeping
0.75;0;lucky;http://farm4.staticflickr.com/3526/5725779655_2e79d032ab.jpg;"A Lucky Escape"
0.75;0;lucky;http://farm4.staticflickr.com/3553/3286844017_7b7a9fb5f9.jpg;You Might Get Lucky
0.75;0;lucky;http://farm1.staticflickr.com/25/39922637_5aaa73b10d.jpg;Lucky, napping
0.75;0;lucky;http://farm5.staticflickr.com/4094/4816308333_3e59933586_z.jpg;Today is my Lucky Day - 3
0.75;0;lucky;http://farm3.staticflickr.com/2594/3943760478_53e8f682e6.jpg;Lucky Strike（好彩）
0.75;0;lucky;http://farm1.staticflickr.com/14/90692364_c9c8dbec5a.jpg;Lucky Star - phone pic
0.75;0;lucky;http://farm1.staticflickr.com/89/226496568_67413d7089.jpg;Oh...you lucky bastard!
0.75;0;lucky;http://farm3.staticflickr.com/2261/1634612262_8801954fae.jpg;Lucky Dube (1964-2007) was shot dead in South Africa on Thursday, October 18, 2007. The reggae icon was hailed and respected all over Africa and the world.
0.75;0;lucky;http://farm1.staticflickr.com/8/8448349_430b71e7d0.jpg;Lucky watching Lucky on the PC
0.75;0;lucky;http://farm3.staticflickr.com/2465/3586866942_3aa6d2d70e.jpg;Lucky: Dear Flickr friends the birthday present for Mees was utopia. The others can't and won't find a job.  So we decided to travel around the world on Flickr.
0.75;0;lucky;http://farm2.staticflickr.com/1136/1055224818_59e4ac6190_z.jpg;Lucky Mathilda Avenue Sunnyvale (former Alpha-Beta)
0.75;0;lucky;http://farm1.staticflickr.com/1/3816193_c93261ddd2.jpg;Lucky
0.75;0;lucky;http://farm4.staticflickr.com/3623/3368417336_c94be849f4.jpg;Lucky: Sukke is right, this is the perfect hiding place. I guess this makes a perfect meeting place too. I'll call Mees for the crises photoshop meeting.
0.75;0;lucky;http://farm6.staticflickr.com/5144/5657788065_8eabb37734.jpg;Lucky
0.75;0;lucky;http://farm7.staticflickr.com/6071/6115610034_fbd211b388.jpg;lucky
0.75;0;lucky;http://farm9.staticflickr.com/8377/8565221735_b3dcb2f820_z.jpg;Lucky
0.75;0;lucky;http://farm2.staticflickr.com/1228/566852441_db0f089c49.jpg;lucky bailey
0.75;0;lucky;http://farm3.staticflickr.com/2752/4117478599_40743d28d2.jpg;Lucky Bamboo
0.75;0;lucky;http://farm1.staticflickr.com/78/211390842_23f6170d93.jpg;Lucky
0.75;0;lucky;http://farm1.staticflickr.com/194/507460649_f7ede40263.jpg;Lucky Supermarket
0.75;0;lucky;http://farm9.staticflickr.com/8443/8004995744_9b9e6485e7_z.jpg;Lucky: The World's Most Beautiful Store
0.75;0;lucky;http://farm4.staticflickr.com/3134/2678586546_107cee4d4a.jpg;Ralphs Los Altos (now  Lucky)
0.75;0;lucky;http://farm4.staticflickr.com/3561/3331759663_de8706be18.jpg;Lucky
0.75;0;lucky;http://farm3.staticflickr.com/2058/1928162094_60644e1179.jpg;Day 97 - Lucky you
0.75;0;lucky;http://farm4.staticflickr.com/3058/2757507515_2d29a8b570_z.jpg;Lucky Supermarket
0.75;0;lucky;http://farm2.staticflickr.com/1023/542909612_f07fb4b77f_z.jpg;3510 Homestead Road - Ralphs (Later Lucky, Albertsons)
0.75;0;lucky;http://farm4.staticflickr.com/3049/2783717844_f38cb59337_z.jpg;Lucky in the mid 1960's
0.75;0;lucky;http://farm4.staticflickr.com/3394/3474886134_1294b43cac.jpg;Former Alpha-Beta with Ralphs Shaped Oval (Red Rimmed Paint Probably From Lucky)
0.75;0;lucky;http://farm4.staticflickr.com/3037/2774018438_00c602ec72_z.jpg;Lucky Discount Center
