#id;query
1;fortunate
2;hapless
3;nutritiveness
4;misfortunate
5;courteous
6;calumniatory
7;rosy-cheeked
8;libellous
9;top-hole
10;defamatory
11;inspired
12;piteous
13;top-flight
14;libelous
15;wonderfulness
16;denigratory
17;anthelminthic
18;denigrating
19;well-situated
20;denigrative
21;good for you
22;calumnious
23;moralizing
24;slanderous
25;well-to-do
26;incorrect
27;hatoglobin
28;damaging
29;bonheur
30;tastelessly
31;nutritiousness
32;malnourishment
33;feel like a million
34;unaccepted
35;overrefined
36;prostatitis
37;recuperative
38;beplastered
39;beneficial
40;rubbishy
41;better off
42;infamous
43;superb
44;unacceptableness
45;masterstroke
46;hypothyroidism
47;feel like a million dollars
48;agoraphobic
49;out-and-outer
50;cholera morbus
51;think the world of
52;stuck-up
53;admirability
54;unmoral
55;law of effect
56;ruefulness
57;wholesomeness
58;confiscated
59;elegance
60;labor pain
61;serendipity
62;censurable
63;spiffing
64;ill-timed
65;heaven-sent
66;pneumonia
67;blest
68;otherworldly
69;serve well
70;bacon-lettuce-tomato sandwich
71;wonderful
72;acrophobic
73;dewy-eyed
74;ill-starred
75;self-respecting
76;aquaphobic
77;sanative
78;nonstandard
79;self-respectful
80;out of condition
81;anthelmintic
82;hexed
83;well-heeled
84;terefah
85;self-respect
86;atrociousness
87;masterly
88;unfortunately
89;lucky
90;lousiness
91;fortuna
92;unsmoothed
93;parasiticidal
94;gloating
95;well-fixed
96;aboulic
97;healthfulness
98;undemonstrative
99;principled
100;smirched
101;understated
102;shlockmeister
103;seamy
104;intermittent cramp
105;idealised
106;unseemly
107;alterative
108;overexertion
109;idealized
110;smudged
111;good enough
112;intestate
113;rose-cheeked
114;assimilatory
115;successfulness
116;unfashionable
117;delightful
118;pediculosis
119;honourableness
120;amoral
121;indignity
122;utility-grade
123;self-regard
124;gastritis
125;vermifuge
126;assimilating
127;honorableness
128;assimilative
129;salutary
130;untraditional
131;ill-mannered
132;mysophobic
133;helminthic
134;bush-league
135;sodding
136;malfunctioning
137;admirableness
138;reductio ad absurdum
139;best of all
140;ozena
141;arrant
142;redneck
143;double-dyed
144;cruelness
145;amicable
146;panic disorder
147;picturesqueness
148;ill-chosen
149;fungicidal
150;fogbound
151;unmannerly
152;unmanful
153;sweetmeat
154;phantom limb syndrome
155;admirable
156;unprofitability
157;precise
158;ill-formed
159;thoroughgoing
160;unwisely
161;goodness
162;snotty
163;integrity
164;zygophyllum
165;righteous
166;sorry for
167;admirably
168;unconformist
169;deserve
170;high-risk
171;deserts
172;destitute
173;excellently
174;collywobbles
175;pleasingly
176;nonobjective
177;edifying
178;nontraditional
179;large-hearted
180;detrimental
181;levelheaded
182;snooty
183;eczema vaccinatum
184;mischief-making
185;tamable
186;insufficient
187;maternal quality
188;unleaded gasoline
189;incorrupt
190;impecunious
191;fumbling
192;nonnormative
193;well-preserved
194;anosmia
195;top-ranking
196;legal injury
197;good-looking
198;apyretic tetanus
199;unflustered
200;unmingled
201;elvish
202;ragamuffin
203;loveliness
204;acute glossitis
205;high-minded
206;blepharitis
207;tastiness
208;unmanlike
209;favorably
210;heart failure
211;pronounceable
212;heinousness
213;biosafety level 1
214;culpable
215;considerately
216;undesigned
217;cultivable
218;ergotism
219;altruism
220;disapprove
221;reputable
222;forged
223;divertingly
224;tardiness
225;serenely
226;horrid
227;refreshfully
228;unsystematized
229;arable
230;artificially
231;menopon gallinae
232;limited liability
233;selfless
234;ill-omened
235;lippizan
236;blt
237;warping
238;unadulterated
239;subclass copepoda
240;blamable
241;steerable
242;muddy up
243;praiseworthy
244;celiac disease
245;skillful
246;faux
247;cooking chocolate
248;adverse opinion
249;cordially
250;tref
251;fraud in law
252;unspecialized
253;naval chart
254;unworkmanlike
255;thomas carew
256;smeared
257;exhaustive
258;crotchety
259;nonsuch
260;white lung
261;highbrowed
262;unethical
263;provable
264;bigheaded
265;printable
266;dog in the manger
267;longanimity
268;tenesmus
269;hygienic
270;uppish
271;gruntle
272;entrapment
273;personable
274;nonconforming
275;priggish
276;no-go
277;straightlaced
278;mules
279;wily
280;appropriated
281;be well
282;roguery
283;heartily
284;too big for one's breeches
285;gruffly
286;ungrammatical
287;westminster
288;dyspnoeic
289;unaffectedness
290;hypertrophic cardiomyopathy
291;uncivil
292;unappetising
293;good temper
294;dyspnoeal
295;well-proportioned
296;snot-nosed
297;temptingly
298;anisotropic
299;outrank
300;wrongfulness
301;kaposi's varicelliform eruption
302;unspecialised
303;indiscreetness
304;genus zygophyllum
305;strait-laced
306;poverty-stricken
307;guiltless
308;extralinguistic
309;in good taste
310;unreflective
311;jimhickey
312;uncomely
313;pleaser
314;pitying
315;get-at-able
316;hard cheese
317;laudable
318;algophobic
319;laudably
320;hard up
321;family lepiotaceae
322;natural childbirth
323;seductively
324;rheumatic fever
325;auspicious
326;unnaturalness
327;self-confident
328;respiratory distress syndrome
329;beneficially
330;ozaena
331;bribable
332;besmeared
333;awing
334;drifter
335;blitheness
336;adventive
337;probity
338;unfruitful
339;class sporozoa
340;unluckily
341;sinlessness
342;pasteurisation
343;loving
344;unthoughtful
345;menopon palladum
346;unscientifically
347;impeccant
348;egregious
349;satisfier
350;jinxed
351;crafty
352;needy
353;fragrant
354;malaise
355;unprintable
356;flagrant
357;delouse
358;schlockmeister
359;uninfected
360;unsystematised
361;diacritical
362;blameable
363;copepoda
364;unappetizing
365;out-and-out
366;toxoid
367;replaceable
368;incongruousness
369;family sphaeriaceae
370;unprofitableness
371;aseptic
372;seized
373;altruistic
374;nonfunctional
375;well-thought-of
376;taken over
377;felicitous
378;reiter's syndrome
379;gorgeously
380;catastrophic
381;fab
382;indigent
383;guileful
384;ticklish
385;flu
386;congestive heart failure
387;germfree
388;mustiness
389;unflurried
390;epiglottitis
391;sinless
392;amorally
393;disenchanted
394;prejudicious
395;shaft louse
396;dispossessed
397;sly
398;by artificial means
399;bulletproof vest
400;necessitous
401;agreeability
402;untypical
403;sporozoa
404;primary dysmenorrhea
405;actual sin
406;diverticulitis
407;peronosporaceae
408;nonkosher
409;collapsable
410;augean stables
411;venal
412;gum-lac
413;knavish
414;dreck
415;well-disposed
416;daubed
417;resplendently
418;rootless
419;acquittal
420;scuffs
421;lipizzan
422;prejudicial
423;outlined
424;wet lung
425;straightarrow
426;notorious
427;disabused
428;pasteurization
429;mental balance
430;unsoldierly
431;placate
432;ornery
433;infective agent
434;inapt
435;acquired immunity
436;in straitened circumstances
437;prudish
438;hobbledehoy
439;reassured
440;moldiness
441;administrable
442;shlock
443;finer
444;adult respiratory distress syndrome
445;rambouillet
446;second-rate
447;tactfully
448;immorally
449;complaisant
450;barbarousness
451;sightly
452;devilment
453;healthy
454;incongruity
455;carew
456;unacceptability
457;tricksy
458;nonpublic
459;higher-up
460;wretched
461;lenify
462;alas
463;digested
464;regrettably
465;fine-looking
466;ill timed
467;parasite yew
468;unpaintable
469;haleness
470;ards
471;preciosity
472;illicitness
473;praiseworthily
474;orchitis
475;sanitization
476;ill-famed
477;manageableness
478;augean
479;profitability
480;nonnatural
481;cuckoo-bumblebee
482;foolishly
483;class act
484;gift horse
485;benefit concert
486;coronary failure
487;pilot chart
488;gladsome
489;beauteousness
490;maliciously
491;well-favored
492;unconstitutional
493;amusingly
494;rotted
495;right-minded
496;ill-fated
497;skilled
498;blameworthy
499;jimdandy
500;dyspnoea
501;yeatsian
502;encopresis
503;collapsible
504;swingeing
505;jesting
506;reiter's disease
507;unimpassioned
508;iniquitous
509;halfhearted
510;smutty
511;justifiable
512;hyaline membrane disease
513;reverentially
514;paraquat poisoning
515;choiceness
516;mitral valve prolapse
517;mental soundness
518;penniless
519;cultivatable
520;tetanilla
521;reconciling
522;respiratory distress syndrome of the newborn
523;awesome
524;undernourishment
525;androgyny
526;abulic
527;joking
528;tietze's syndrome
529;jekyll and hyde
530;apocynum cannabinum
531;proficient
532;not able
533;ozone sickness
534;reductio
535;ruddiness
536;tetany
537;self-assured
538;smudgy
539;red-blooded
540;intermittent tetanus
541;synchytrium
542;nonfigurative
543;pitiably
544;dyspneal
545;lepiotaceae
546;dyspneic
547;comparable to
548;anatoxin
549;asteriated
550;stranger
551;trustworthiness
552;schlock
553;preeminence
554;blameful
555;gainly
556;stipulative definition
557;manageability
558;inappropriate
559;trustiness
560;dyspnea
561;bluffness
562;deplorable
563;nonesuch
564;improper
565;nimbly
566;pitiful
567;clean-handed
568;inauspicious
569;reverently
570;unsuitable
571;awe-inspiring
572;mischief
573;comeupance
574;inoperable
575;infectious agent
576;abusive
577;propelling
578;unusable
579;clean bill of health
580;unbreakable
581;sanitary
582;pitiable
583;with consideration
584;woeful
585;mutafacient
586;hydrophobic
587;full professor
588;untoward
589;stealth fighter
590;unlucky
591;skilful
592;illicit
593;baking chocolate
594;ruinous
595;tameable
596;nasty
597;lippizaner
598;mediocre
599;blessedly
600;unconventional
601;esteemed
602;wrongness
603;genus synchytrium
604;terrible
605;devoutly
606;unlawful
607;puritanic
608;placatory
609;tillable
610;locoism
611;blue ribbon
612;sciara
613;droll
614;putrefactive
615;sanitisation
616;unpermissive
617;clean-living
618;unemployable
619;humdinger
620;miliary tuberculosis
621;jollity
622;dishonorableness
623;optimistically
624;gladfulness
625;reconstructive
626;bank failure
627;grippe
628;nonlegal
629;well-favoured
630;letter stock
631;bitter chocolate
632;cholangitis
633;cyanogenic
634;unbound
635;city of westminster
636;tete a tete
637;attester
638;pruritus
639;jocose
640;disinfection
641;motherliness
642;potboiler
643;bonnie
644;unperplexed
645;better-looking
646;nostalgic
647;lucrative
648;mucocutaneous lymph node syndrome
649;undeceive
650;most evil
651;do good
652;cleanness
653;jocund
654;asphyxia
655;commendable
656;cardiac insufficiency
657;jovial
658;deceptive
659;brazen-faced
660;offensiveness
661;parasitaxus ustus
662;dejected
663;upstanding
664;mitigating circumstance
665;navigational chart
666;desolately
667;workmanlike
668;most unpleasant
669;mannerly
670;dropsical
671;comeliness
672;unmovable
673;helpfully
674;family ruscaceae
675;hygienical
676;moneyless
677;applaudable
678;dissenting
679;agilely
680;out-of-date
681;wholeness
682;phytophthora
683;sphaeriaceae
684;disinherited
685;noble-minded
686;done with
687;influenza
688;out of action
689;foxy
690;chalcid
691;tastefulness
692;untoasted
693;irrepressibility
694;heterologic
695;healthful
696;impervious
697;upper-level
698;conventionalised
699;bold-faced
700;coin-operated
701;noblesse oblige
702;inexpedient
703;crackerjack
704;urinary incontinence
705;urbanity
706;forwardness
707;tight-laced
708;arena theater
709;redeeming
710;infuriating
711;elfish
712;rueful
713;amoralism
714;limitlessness
715;amoralist
716;bungled
717;cyanogenetic
718;unfiled
719;moralistic
720;derogatory
721;getatable
722;cystitis
723;good humour
724;loco disease
725;straitlaced
726;unmilitary
727;undeceived
728;unpropitiousness
729;contractile
730;unbanded
731;comeuppance
732;christmas factor
733;remember oneself
734;imagined
735;unperturbed
736;nonunion
737;family peronosporaceae
738;ashamed
739;top-level
740;keratosis blennorrhagica
741;profitableness
742;short-staffed
743;prettily
744;unoriented
745;good humor
746;system error
747;chicken louse
748;outlawed
749;bonny
750;out of work
751;high-ranking
752;agammaglobulinemia
753;daintiness
754;parthenogenetic
755;bounden
756;undynamic
757;straight-laced
758;keratitis
759;favourably
760;general-purpose
761;corruptible
762;giardiasis
763;flatus-relieving
764;unprofessional
765;gracious
766;caviller
767;nice
768;insusceptible
769;magnificently
770;nonviable
771;morally
772;incorporeality
773;splendidly
774;unsubmissive
775;virtuous
776;morbidness
777;euphonious
778;unsectarian
779;refreshingly
780;heartbreaking
781;worshipful
782;conventionalized
783;honored
784;low-grade
785;benignant
786;injured
787;come-at-able
788;gynobase
789;exhaustible
790;quibbler
791;idyllic
792;orphan site
793;thorough
794;chalcid wasp
795;unruffled
796;factitious
797;pleasant
798;lyme arthritis
799;discriminative
800;counterfactuality
801;constructive
802;dumb bomb
803;obliging
804;anarchical
805;well-mannered
806;uncultivable
807;thoughtfully
808;indivisible
809;accurate
810;maidism
811;well-off
812;horrific
813;magna cum laude
814;thomas the doubting apostle
815;beneficence
816;technical knockout
817;piously
818;unremunerative
819;formidable
820;derogative
821;summa cum laude
822;ulcerous
823;cheerful
824;bronchospasm
825;benevolent
826;untrustworthiness
827;merciful
828;untethered
829;beneficent
830;caprylic acid
831;beautiful
832;subfamily smilacaceae
833;favored
834;physiotherapist
835;worthy
836;unworthiness
837;rechargeable
838;unsusceptible
839;well-bred
840;despondent
841;cheerfully
842;resentful
843;good spirit
844;balefulness
845;ill-being
846;contusioned
847;disquietingly
848;infrequent
849;with competence
850;unoriginal
851;edified
852;untrusty
853;falsifiable
854;hypoproteinemia
855;scandalous
856;botched
857;lamb roast
858;martyniaceae
859;word-perfect
860;hideous
861;repentantly
862;genus phthirius
863;topnotch
864;dishevelled
865;white magic
866;perplexity
867;represented
868;unhewn
869;opulently
870;remorseless
871;trenchantly
872;chawbacon
873;painstakingly
874;jerry-builder
875;considerateness
876;all-purpose
877;maintainable
878;wring from
879;poker face
880;judgment on the pleadings
881;condescendingly
882;heinous
883;flawlessly
884;distressing
885;praiseworthiness
886;unbeloved
887;jocular
888;diphtheria
889;hyerbolise
890;fore-and-aft sail
891;hemiparasite
892;scut work
893;one-eyed
894;strangles
895;well-being
896;casteless
897;enforceable
898;get stuck
899;avertable
900;exclusion principle
901;commonsense
902;chalcid fly
903;unclogged
904;convallariaceae
905;error-prone
906;iron overload
907;noble-mindedness
908;caviler
909;puncturable
910;verminous
911;right to privacy
912;unchristlike
913;naif
914;extrinsic
915;trackable
916;mephistophelian
917;patently
918;unvoluntary
919;illustriously
920;unsociable
921;right to liberty
922;have the best
923;superstitious
924;sarcastic
925;somatogenetic
926;concubinage
927;temperateness
928;cushing's disease
929;extricable
930;cattiness
931;in the buff
932;vestigial
933;top-quality
934;granuloma
935;of the essence
936;alpine scurvy
937;warmly
938;unpersuadable
939;adroitly
940;alizarin yellow
941;enduringly
942;patchy
943;heatable
944;contused
945;in the mind
946;mephistophelean
947;belling
948;amalgamative
949;extol
950;uncultivatable
951;per se
952;at variance
953;observable
954;interfering
955;tobacco budworm
956;infectious hepatitis
957;penitentially
958;gravity bomb
959;discordantly
960;diuresis
961;somatogenic
962;nonsensitive
963;delible
964;nonhuman
965;withdrawnness
966;poverty
967;road sense
968;unenergetic
969;invidiously
970;unmanfully
971;unmechanized
972;nonaged
973;cognisable
974;bottom rot fungus
975;observingly
976;abetalipoproteinemia
977;opulent
978;antifeminist
979;prestigious
980;encephalitis
981;unimprisoned
982;nebbish
983;longed-for
984;unfree
985;cadger
986;inadvisability
987;broad-mindedly
988;unbranded
989;avertible
990;pellagra
991;loyally
992;bitchiness
993;to be precise
994;affective disorder
995;freed
996;cursory
997;hydrolyzable
998;putrefacient
999;aptly
1000;kissing disease
1001;denazify
1002;unseasonable
1003;retractable
1004;unseasonably
1005;cordon bleu
1006;reprehensible
1007;sea squab
1008;hypogammaglobulinemia
1009;undereducated
1010;befouled
1011;spookily
1012;ill-sorted
1013;anicteric
1014;nonparametric statistic
1015;controllable
1016;uncompartmented
1017;propriety
1018;proud flesh
1019;raisable
1020;wilt disease
1021;meltable
1022;slummy
1023;apprehensible
1024;zinc deficiency
1025;rehabilitated
1026;trashiness
1027;purposefulness
1028;unwearable
1029;duty-bound
1030;supertwister
1031;defeasible
1032;destructiveness
1033;as such
1034;unargumentative
1035;explainable
1036;mistranslate
1037;dispensable
1038;ruthful
1039;eerily
1040;edematous
1041;slyness
1042;soft water
1043;affirmable
1044;stealth bomber
1045;ambitiously
1046;bosworth field
1047;eudaimonia
1048;iron-storage disease
1049;severable
1050;second-class
1051;humanely
1052;inauspiciousness
1053;preposterous
1054;negativeness
1055;charmingly
1056;gladness
1057;majestically
1058;immovable
1059;overprice
1060;jaundiced
1061;lustily
1062;malevolency
1063;ruggedly
1064;onion smut
1065;as usual
1066;unprovoked
1067;logicality
1068;understaffed
1069;scoffingly
1070;trachoma
1071;erasable
1072;kidney failure
1073;rosiness
1074;inflammatory disease
1075;tensionless
1076;survivor guilt
1077;attemptable
1078;disheveled
1079;expensiveness
1080;due process of law
1081;tomato fruitworm
1082;noninvasive
1083;reputability
1084;nonachiever
1085;appealingly
1086;letdown
1087;financed
1088;immutable
1089;nifty
1090;partial breach
1091;handsome
1092;neoprene
1093;voluntarily
1094;discommode
1095;allegement
1096;unorganized
1097;defensible
1098;snorty
1099;refurbishment
1100;malodorous
1101;benefic
1102;spondylitis
1103;evenhandedly
1104;abjure
1105;amative
1106;nonliving
1107;fecund
1108;agamous
1109;shockable
1110;woozy
1111;shyly
1112;cronyism
1113;provably
1114;nonimitative
1115;dignifying
1116;hemochromatosis
1117;disenchant
1118;hors de combat
1119;separable
1120;besplashed
1121;frankly
1122;lacerated
1123;with reason
1124;nonlinguistic
1125;cognoscible
1126;unspecified
1127;energetically
1128;begrimed
1129;well-intentioned
1130;inexorable
1131;venerate
1132;plaintive
1133;chirpily
1134;posttraumatic stress disorder
1135;impregnably
1136;out or keeping
1137;slap-up
1138;disability
1139;excitingly
1140;inseparably
1141;unmechanised
1142;bloodshot
1143;unattractively
1144;dutch elm fungus
1145;extinguishable
1146;unmourned
1147;contestable
1148;most undesirable
1149;good condition
1150;unmarried
1151;strait and narrow
1152;probationary
1153;top-grade
1154;anechoic
1155;absently
1156;morganatic
1157;specifiable
1158;cataclysmal
1159;polychromic
1160;unbending
1161;good luck charm
1162;unswept
1163;roast lamb
1164;order ustilaginales
1165;without favouring one party
1166;incompressible
1167;liquefiable
1168;malnutrition
1169;excel at
1170;recantation
1171;comprehensible
1172;amethopterin
1173;describable
1174;unmalleable
1175;sudden infant death syndrome
1176;sequela
1177;unharmoniously
1178;cheoplasty
1179;cot death
1180;smell up
1181;ascertainable
1182;groaning
1183;natural virtue
1184;elusiveness
1185;comely
1186;irretrievable
1187;all important
1188;yobbo
1189;cognizable
1190;lossless
1191;reproducible
1192;butterfingered
1193;mellifluous
1194;uncheerfulness
1195;ideally
1196;subordinate clause
1197;appetent
1198;unlovable
1199;muggins
1200;letter bond
1201;properly speaking
1202;aspiration pneumonia
1203;braggy
1204;pellicularia filamentosa
1205;eudaemonia
1206;lactase deficiency
1207;peacefully
1208;fingerless
1209;shine at
1210;hurler's disease
1211;good-time
1212;abreact
1213;attractively
1214;lafora's disease
1215;stylistically
1216;squandered
1217;fissionable
1218;mental block
1219;acquirable
1220;disquieting
1221;apathetically
1222;cantankerously
1223;meekly
1224;unparallel
1225;derisory
1226;unanswerable
1227;betimes
1228;mal de la rosa
1229;fallot's syndrome
1230;imaginary
1231;squeezable
1232;fat chance
1233;good-humored
1234;unshrinkable
1235;normalisation
1236;unarticulate
1237;phagocytic
1238;feed in
1239;unpredictably
1240;disparaging
1241;infatuated
1242;third-rater
1243;extendable
1244;inapposite
1245;loving-kindness
1246;spielmeyer-vogt disease
1247;audibly
1248;germ warfare
1249;placidly
1250;yokel
1251;patronisingly
1252;unscientific
1253;imperforate anus
1254;moaning
1255;good-humoured
1256;incurious
1257;extendible
1258;ham-handed
1259;boastful
1260;spastic bladder
1261;engaging
1262;inarticulate
1263;outspokenly
1264;stuttering
1265;mutable
1266;methotrexate
1267;first and foremost
1268;painful
1269;vigilantly
1270;unembodied
1271;procurable
1272;infiniteness
1273;utilitarianism
1274;vertiginous
1275;stated
1276;aphonic
1277;apposable
1278;cardiospasm
1279;anticipative
1280;preinvasive cancer
1281;successful
1282;lactose intolerance
1283;providentially
1284;cataclysmic
1285;obediently
1286;denuded
1287;absolved
1288;glandular fever
1289;affectionate
1290;strong belief
1291;congruence
1292;off duty
1293;unexploded
1294;nonprofessional
1295;cotton bollworm
1296;undimmed
1297;controversial
1298;difficultness
1299;revocable
1300;penurious
1301;blameless
1302;grimy
1303;maternalistic
1304;addictive
1305;wisely
1306;varicose
1307;hospitableness
1308;private foundation
1309;mellisonant
1310;get the best
1311;comprehendible
1312;avirulent
1313;call into question
1314;dog's breakfast
1315;high-grade
1316;lower-ranking
1317;high-mindedness
1318;amyloidosis
1319;lens cover
1320;inconvenient
1321;soft on
1322;immoveable
1323;effaceable
1324;criminal negligence
1325;dissolvable
1326;hypobetalipoproteinemia
1327;respected
1328;genus phytophthora
1329;plucky
1330;incorporeal
1331;obtainable
1332;putrefy
1333;saphead
1334;unwrapped
1335;elaborated
1336;grass tree family
1337;elegantly
1338;hamming
1339;lens cap
1340;ceratostomella ulmi
1341;duplicable
1342;bawl out
1343;agreeableness
1344;abjuration
1345;scalable
1346;bloodthirsty
1347;analyzable
1348;unimpressionable
1349;neighbourly
1350;mononucleosis
1351;stingily
1352;messy
1353;ingot iron
1354;anoxia
1355;gettable
1356;second-degree burn
1357;provocatively
1358;villainous
1359;euphony
1360;debasing
1361;without favoring one party
1362;maddening
1363;researchable
1364;wild pitch
1365;obviously
1366;noncontentious
1367;fermentable
1368;misquote
1369;shrinkable
1370;noncommunicable
1371;with adroitness
1372;periarteritis nodosa
1373;derisively
1374;untreated
1375;in the raw
1376;liver cancer
1377;fantabulous
1378;discontented
1379;contumeliously
1380;hydronephrosis
1381;par excellence
1382;unshuttered
1383;admiring
1384;scolytus multistriatus
1385;spinnable
1386;censorious
1387;shigellosis
1388;ruthless
1389;addressable
1390;non compos mentis
1391;measuredly
1392;disquieted
1393;footloose
1394;xanthorrhoeaceae
1395;crunchy
1396;confuter
1397;unenthusiastically
1398;erb's palsy
1399;rust-free
1400;rachischisis
1401;injectable
1402;haj
1403;inculpable
1404;mussy
1405;smoothy
1406;dependent clause
1407;stealthy
1408;most wicked
1409;transmittable
1410;cephalitis
1411;guileless
1412;effortfulness
1413;ambiguously
1414;lipochondrodystrophy
1415;saintlike
1416;latent schizophrenia
1417;unrusted
1418;unsuited
1419;a-one
1420;doleful
1421;laudator
1422;coronary insufficiency
1423;cock-a-hoop
1424;potato fungus
1425;measure up
1426;chew out
1427;anomic
1428;hooligan
1429;groveler
1430;theater in the round
1431;disconcertingly
1432;untamed
1433;wished-for
1434;sorrowful
1435;thriftily
1436;maladjustment
1437;quotability
1438;culpable negligence
1439;timorous
1440;ataxia
1441;discernible
1442;chalcidfly
1443;chintzily
1444;indistinct
1445;christlike
1446;naturism
1447;large-minded
1448;underproduction
1449;tops
1450;noncivilized
1451;sparer
1452;indiscrete
1453;prettiness
1454;noncurrent
1455;disabuse
1456;paranoia
1457;harmoniously
1458;nonconductive
1459;merit
1460;nonconducting
1461;spiritedly
1462;unsupportive
1463;peeled
1464;untraceable
1465;high-tension
1466;functional disorder
1467;improving
1468;disingenuous
1469;fettle
1470;stillborn infant
1471;stolidly
1472;chew up
1473;felicitousness
1474;frowsty
1475;righteously
1476;grueling
1477;ungrudgingly
1478;hot water
1479;heterodox
1480;impracticableness
1481;wiliness
1482;pkd
1483;well-adjusted
1484;pid
1485;cleavable
1486;low quality
1487;phlegmatical
1488;nonsectarian
1489;ambitionless
1490;spondylarthritis
1491;ironlike
1492;noncivilised
1493;extractable
1494;outdated
1495;charivari
1496;not
1497;discernable
1498;sod's law
1499;avoidable
1500;grotty
1501;japanese pink
1502;root rot
1503;twee
1504;uncorrectable
1505;amendable
1506;parrotlike
1507;amazing
1508;rhinostenosis
1509;mettlesomeness
1510;ramsay hunt syndrome
1511;confirmable
1512;dysuria
1513;human-centred
1514;distribution free statistic
1515;derivable
1516;worried
1517;bang-up
1518;metrorrhagia
1519;aphrodisia
1520;ugliness
1521;vehemently
1522;misleading
1523;well-conducted
1524;pelvic inflammatory disease
1525;in love
1526;nudism
1527;believable
1528;crossbench
1529;fawner
1530;tritanopic
1531;transplantable
1532;yob
1533;tetralogy of fallot
1534;jobless
1535;positionable
1536;inapplicable
1537;in and of itself
1538;social work
1539;attainable
1540;insensitiveness
1541;delineated
1542;mayidism
1543;generously
1544;summary judgment
1545;shakable
1546;inedible
1547;meticulously
1548;haredi
1549;dilettantish
1550;thrombasthenia
1551;competency
1552;coldheartedness
1553;competence
1554;glomerulonephritis
1555;expressible
1556;noise pollution
1557;rotatable
1558;unsavoury
1559;unfrightened
1560;unpermed
1561;at a premium
1562;bumbling
1563;perchloride
1564;rough-hew
1565;waggish
1566;equine distemper
1567;definable
1568;hypoparathyroidism
1569;in the altogether
1570;necrotizing enteritis
1571;frolicsomeness
1572;tko
1573;wondering
1574;luckless
1575;venae pancreatica
1576;troubled
1577;judicious
1578;shitwork
1579;fit the bill
1580;untechnical
1581;archimandrite
1582;dangerousness
1583;point of honor
1584;uredinales
1585;observing
1586;placative
1587;sweet talker
1588;placating
1589;fill the bill
1590;congenital megacolon
1591;narcism
1592;appeasing
1593;intrinsically
1594;glossodynia exfoliativa
1595;loverly
1596;family colchicaceae
1597;recoverable
1598;dutch-elm beetle
1599;sexual morality
1600;bloated
1601;actable
1602;space cadet
1603;disintegrable
1604;impracticability
1605;candidly
1606;dysostosis multiplex
1607;evidently
1608;foster-brother
1609;sweet-faced
1610;disagreeableness
1611;neo-lamarckism
1612;malodourous
1613;shivaree
1614;current intelligence
1615;health care delivery
1616;unwarmed
1617;annihilative
1618;unavailing
1619;taken with
1620;valvular incompetence
1621;homicidal
1622;meningitis
1623;rehabilitation program
1624;tyrosinemia
1625;cleverly
1626;lovelorn
1627;ullr
1628;unexportable
1629;utiliser
1630;unfitting
1631;shakeable
1632;imperfective aspect
1633;encouragingly
1634;major affective disorder
1635;satisfyingly
1636;undeclared
1637;overstate
1638;cattish
1639;eudemon
1640;unmodifiable
1641;physical fitness
1642;occupational therapy
1643;ull
1644;close-minded
1645;utterable
1646;cankerous
1647;garden of eden
1648;careworn
1649;word-splitting
1650;rockweed
1651;chastely
1652;caseous
1653;pastry cart
1654;motiveless
1655;gentlemanlike
1656;distributive shock
1657;complying
1658;windburnt
1659;laud
1660;meddlesome
1661;esthetical
1662;unavoidability
1663;optimally
1664;cheapjack
1665;revokable
1666;hairline fracture
1667;book of revelation
1668;agamic
1669;couthie
1670;filthiness
1671;executability
1672;untuneful
1673;tidily
1674;unexampled
1675;summum bonum
1676;oil change
1677;salaciously
1678;tumescent
1679;pancreatic vein
1680;unsoiled
1681;adoptable
1682;bubonic plague
1683;absentmindedly
1684;unclaimed
1685;niminy-piminy
1686;agamogenetic
1687;thermoacidophile
1688;upset stomach
1689;murderous
1690;counterintuitive
1691;gentlemanly
1692;demonic
1693;affirmatory
1694;unpublishable
1695;unworn
1696;nonenzymatic
1697;sardonically
1698;physical therapist
1699;sensualism
1700;nefarious
1701;bashfully
1702;gregariousness
1703;dilettanteish
1704;corky
1705;acknowledgeable
1706;eldritch
1707;utilizer
1708;maggoty
1709;enjoyably
1710;nonunionized
1711;obliged
1712;naproxen
1713;deniable
1714;inadequate
1715;governable
1716;decertify
1717;crib death
1718;emotional disorder
1719;trusted
1720;cancer of the liver
1721;unambitious
1722;implausibly
1723;chivaree
1724;ratbite fever bacterium
1725;with approval
1726;unwholesomeness
1727;bootlicker
1728;irrefutable
1729;high quality
1730;mallophaga
1731;comically
1732;family xanthorrhoeaceae
1733;aplanatic
1734;incredibly
1735;first water
1736;undermanned
1737;commonsensible
1738;flagitious
1739;couthy
1740;fiendish
1741;smoke-free
1742;unripened
1743;shapely
1744;naprosyn
1745;commonsensical
1746;malnourished
1747;finest
1748;uncool
1749;weedless
1750;undenominational
1751;speakable
1752;throaty
1753;interpretable
1754;lysinemia
1755;sportiveness
1756;neurasthenia
1757;decorousness
1758;family tecophilaeacea
1759;narcissism
1760;stink out
1761;retractile
1762;laborious
1763;diligently
1764;bronzed diabetes
1765;courageously
1766;sunburnt
1767;evitable
1768;untruthful
1769;observantly
1770;irrevokable
1771;congruity
1772;short-handed
1773;human-centered
1774;incredulous
1775;ad hominem
1776;smilacaceae
1777;erring
1778;refuter
1779;unselfishly
1780;unscheduled
1781;kept up
1782;mission impossible
1783;hammered
1784;enuresis
1785;dianthus chinensis heddewigii
1786;improbably
1787;ruttish
1788;comfy
1789;bigheartedness
1790;complaintive
1791;sumptuous
1792;bumptiousness
1793;good-naturedly
1794;uncontested
1795;gradable opposition
1796;remorseful
1797;abjectly
1798;unpalatable
1799;dissociable
1800;ustilaginales
1801;ascetically
1802;crabbedness
1803;calculable
1804;laid up
1805;showing wisdom
1806;congenital afibrinogenemia
1807;parasitically
1808;blue-blind
1809;agreeably
1810;long horse
1811;understandable
1812;corticium solani
1813;overcurious
1814;spina bifida
1815;cuteness
1816;incorruptible
1817;enviousness
1818;incommodiousness
1819;unreasoningly
1820;unfavourableness
1821;effectively
1822;hyperadrenalism
1823;high-handedly
1824;unopposed
1825;uxoriously
1826;profitlessly
1827;busily
1828;analgesia
1829;toothy
1830;unmanly
1831;defendable
1832;breakability
1833;irreproachable
1834;uncommercial
1835;irreproachably
1836;white-pine rust
1837;persevering
1838;corporate bond
1839;rescindable
1840;day-old
1841;justifiably
1842;dyssynergia
1843;confidingly
1844;hurler's syndrome
1845;cock-and-bull story
1846;unsold
1847;abstractedly
1848;inconsolable
1849;bravely
1850;unneighbourly
1851;foxiness
1852;pulseless disease
1853;dignified
1854;untenanted
1855;detailed
1856;opportunistic infection
1857;pucka
1858;diseased
1859;tractile
1860;uneducated
1861;bare-ass
1862;summary judgement
1863;graspable
1864;table wine
1865;ingeniously
1866;inextinguishable
1867;delightfully
1868;recant
1869;judicable
1870;uneatable
1871;rectifiable
1872;genus lappula
1873;eudaemon
1874;ataxy
1875;deducible
1876;factor ix
1877;high-fidelity
1878;softhearted
1879;calvinism
1880;deliquium
1881;three-quarter
1882;jaggedness
1883;antifertility
1884;habit-forming
1885;bacillary dysentery
1886;windburned
1887;unmercenary
1888;junior-grade
1889;assertable
1890;termagant
1891;naked as a jaybird
1892;oral contract
1893;superbia
1894;unfunctional
1895;emancipative
1896;discorporate
1897;apple polisher
1898;myoclonus epilepsy
1899;analgetic
1900;genus hackelia
1901;munificently
1902;ham-fisted
1903;sciolistic
1904;too bad
1905;scot free
1906;profitless
1907;trepid
1908;milk intolerance
1909;straight and narrow
1910;unpeaceable
1911;watchfully
1912;untrustworthy
1913;addible
1914;negativism
1915;playful
1916;tuneless
1917;unrecognizably
1918;homesick
1919;graciously
1920;phthirus
1921;scornfully
1922;incontestible
1923;extoller
1924;asynergy
1925;good shape
1926;unshapely
1927;friskiness
1928;peptic ulceration
1929;revelation of saint john the divine
1930;urocystis cepulae
1931;sumptuously
1932;disconsolately
1933;decorous
1934;judgement on the pleadings
1935;good manners
1936;missed
1937;with great care
1938;ungentlemanlike
1939;valorously
1940;have words
1941;sensibly
1942;burdenless
1943;ectopic
1944;forswear
1945;sleeplessly
1946;unboundedness
1947;not bad
1948;pyelonephritis
1949;load-bearing
1950;dog's dinner
1951;deferentially
1952;nonarbitrable
1953;with wisdom
1954;indigestion
1955;reaffirmation
1956;rube
1957;freely
1958;cheesy
1959;advantageously
1960;squalling
1961;entertainingly
1962;alalia
1963;pleasantry
1964;ungentlemanly
1965;pleasantly
1966;mismated
1967;loverlike
1968;joyless
1969;high-mindedly
1970;hayseed
1971;in the head
1972;associatory
1973;care delivery
1974;insensitivity
1975;puckishly
1976;unpaved
1977;provokingly
1978;tackiness
1979;preventable
1980;borecole
1981;trustingly
1982;sophistical
1983;voidable
1984;ungroomed
1985;quantifiable
1986;surly
1987;blessed with
1988;juvenile amaurotic idiocy
1989;reassertion
1990;unneighborly
1991;with sympathy
1992;heartiness
1993;prudently
1994;disagreeable
1995;righteousness
1996;fixed phagocyte
1997;coveted
1998;toilsome
1999;panoply
2000;nonpsychoactive
